key,source,number,parent,date,type,status,address,title,expires,link,first_seen,last_seen
anaheim:BLD2024-00963-REV08,anaheim-accela,BLD2024-00963-REV08,BLD2024-00963,06/10/2026,Plan Revision,Closed,"1553 S DISNEYLAND DR, Anaheim CA 92802","DTD - Quick Service Restaurant #2 - New Commercial Construction: 7,860 sq ft two story restaurant. 2,803 sq ft outdoor dining at first and second floor. 110 ln ft x 10'6"" wood fence with electrical sliding gate. 10 ln ft x 10 ft tall block wall near electrical yard.",,https://aca-prod.accela.com/ANAHEIM/Cap/CapHome.aspx?module=Building&TabName=Building,2026-09-27T01:07:07Z,2026-09-27T13:03:24Z
anaheim:BLD2024-03132-REV02,anaheim-accela,BLD2024-03132-REV02,BLD2024-03132,04/09/2026,Plan Revision,Closed,"1313 S HARBOR BLVD, 1250, ANAHEIM CA 92802",DLR - Carnation Cafe/BLDG #1250 - Tenant Improvement: Replace roof mounted water heater and associated equipment to be anchored on existing equipment platforms. With electrical and plumbing.,,https://aca-prod.accela.com/ANAHEIM/Cap/CapHome.aspx?module=Building&TabName=Building,2026-09-27T01:07:07Z,2026-09-27T13:03:24Z
anaheim:BLD2024-03332-REV05,anaheim-accela,BLD2024-03332-REV05,BLD2024-03332,04/27/2026,Plan Revision,Closed,"1150 W MAGIC WAY, Anaheim CA 92802","DLH - Banquet Kitchen/2nd Floor - Tenant Improvement: Remove and replace evaporative coolers and their associated water-cooled condensers, piping and supports. Install new steel rack for equipment and anchor. With electrical and mechanical.",,https://aca-prod.accela.com/ANAHEIM/Cap/CapHome.aspx?module=Building&TabName=Building,2026-09-27T01:07:07Z,2026-09-27T13:03:24Z
anaheim:BLD2024-04080-REV03,anaheim-accela,BLD2024-04080-REV03,BLD2024-04080,05/26/2026,Plan Revision,Closed,"1600 S DISNEYLAND DR, ANAHEIM CA 92802","GCH - Tenant Improvement: Combine (3) units #5012, 5013, 5014 into one new suite #5013. Add new corridor wall and door to create new foyer. Replace (793) fan coil units serving guest rooms with new framing and finishes. With mechanical and electrical.",,https://aca-prod.accela.com/ANAHEIM/Cap/CapHome.aspx?module=Building&TabName=Building,2026-09-27T01:07:07Z,2026-09-27T13:03:24Z
anaheim:BLD2024-04665-REV07,anaheim-accela,BLD2024-04665-REV07,BLD2024-04665,05/01/2026,Plan Revision,Closed,"1600 S DISNEYLAND DR, ANAHEIM CA 92802","GCH - Non-Residential Addition: 3,836 sq ft to enclose 5th floor patio for new concierge lounge with mezzanine. Lounge to include kitchen, pantry and restrooms. 165 sq ft outdoor niche. 65 sq ft balcony. Remodel at (3) guest rooms for plumbing walls. With mechanical, electrical and plumbing.",,https://aca-prod.accela.com/ANAHEIM/Cap/CapHome.aspx?module=Building&TabName=Building,2026-09-27T01:07:07Z,2026-09-27T13:03:24Z
anaheim:BLD2024-04665-REV08,anaheim-accela,BLD2024-04665-REV08,BLD2024-04665,06/23/2026,Plan Revision,Closed,"1600 S DISNEYLAND DR, ANAHEIM CA 92802","GCH - Non-Residential Addition: 3,836 sq ft to enclose 5th floor patio for new concierge lounge with mezzanine. Lounge to include kitchen, pantry and restrooms. 165 sq ft outdoor niche. 65 sq ft balcony. Remodel at (3) guest rooms for plumbing walls. With mechanical, electrical and plumbing.",,https://aca-prod.accela.com/ANAHEIM/Cap/CapHome.aspx?module=Building&TabName=Building,2026-09-27T01:07:07Z,2026-09-27T13:03:24Z
anaheim:BLD2024-04665-REV09,anaheim-accela,BLD2024-04665-REV09,BLD2024-04665,09/23/2026,Plan Revision,Closed,"1600 S DISNEYLAND DR, ANAHEIM CA 92802","GCH - Non-Residential Addition: 3,836 sq ft to enclose 5th floor patio for new concierge lounge with mezzanine. Lounge to include kitchen, pantry and restrooms. 165 sq ft outdoor niche. 65 sq ft balcony. Remodel at (3) guest rooms for plumbing walls. With mechanical, electrical and plumbing.",,https://aca-prod.accela.com/ANAHEIM/Cap/CapHome.aspx?module=Building&TabName=Building,2026-09-27T01:07:07Z,2026-09-27T13:03:24Z
anaheim:BLD2024-05595-REV02,anaheim-accela,BLD2024-05595-REV02,BLD2024-05595,07/09/2026,Plan Revision,Closed,"1515 S HARBOR BLVD, ANAHEIM CA 92802","DCA - Resort Development - Tenant Improvement: New switch station #14, location of switch station #64, new duct bank and (3) electrical vaults. With plumbing, mechanical and electrical.",,https://aca-prod.accela.com/ANAHEIM/Cap/CapHome.aspx?module=Building&TabName=Building,2026-09-27T01:07:07Z,2026-09-27T13:03:24Z
anaheim:BLD2024-06029-REV09,anaheim-accela,BLD2024-06029-REV09,BLD2024-06029,04/14/2026,Plan Revision,Closed,"1313 S HARBOR BLVD, 9098, Anaheim CA 92802","DLR - Administrative Building 9098 (H6/7) - Tenant Improvement: 3,298 sq. ft. to reconfigure restrooms, break rooms, conference rooms and custodial closets throughout all levels. Modifications to existing costuming issue booths, stairs and railings. Infill (30) windows. Remove existing awnings and replace with new exterior façade elements. Install (6) cantilever umbrellas and reinstall existing statue with new pedestal.",,https://aca-prod.accela.com/ANAHEIM/Cap/CapHome.aspx?module=Building&TabName=Building,2026-09-27T01:07:07Z,2026-09-27T13:03:24Z
anaheim:BLD2024-06029-REV10,anaheim-accela,BLD2024-06029-REV10,BLD2024-06029,04/30/2026,Plan Revision,Closed,"1313 S HARBOR BLVD, 9098, Anaheim CA 92802","DLR - Administrative Building 9098 (H6/7) - Tenant Improvement: 3,298 sq. ft. to reconfigure restrooms, break rooms, conference rooms and custodial closets throughout all levels. Modifications to existing costuming issue booths, stairs and railings. Infill (30) windows. Remove existing awnings and replace with new exterior façade elements. Install (6) cantilever umbrellas and reinstall existing statue with new pedestal.",,https://aca-prod.accela.com/ANAHEIM/Cap/CapHome.aspx?module=Building&TabName=Building,2026-09-27T01:07:07Z,2026-09-27T13:03:24Z
anaheim:BLD2024-06029-REV11,anaheim-accela,BLD2024-06029-REV11,BLD2024-06029,06/18/2026,Plan Revision,Closed,"1313 S HARBOR BLVD, 9098, Anaheim CA 92802","DLR - Administrative Building 9098 (H6/7) - Tenant Improvement: 3,298 sq. ft. to reconfigure restrooms, break rooms, conference rooms and custodial closets throughout all levels. Modifications to existing costuming issue booths, stairs and railings. Infill (30) windows and attach metal perforated panels. Remove existing awnings and replace with new exterior façade elements. Install (6) cantilever umbrellas and reinstall existing statue with new pedestal.",,https://aca-prod.accela.com/ANAHEIM/Cap/CapHome.aspx?module=Building&TabName=Building,2026-09-27T01:07:07Z,2026-09-27T13:03:24Z
anaheim:BLD2024-06029-REV12,anaheim-accela,BLD2024-06029-REV12,BLD2024-06029,07/08/2026,Plan Revision,Closed,"1313 S HARBOR BLVD, 9098, Anaheim CA 92802","DLR - Administrative Building 9098 (H6/7) - Tenant Improvement: 3,298 sq. ft. to reconfigure restrooms, break rooms, conference rooms and custodial closets throughout all levels. Modifications to existing costuming issue booths, stairs and railings. Infill (30) windows and attach metal perforated panels. Remove existing awnings and replace with new exterior façade elements. Install (6) cantilever umbrellas and reinstall existing statue with new pedestal.",,https://aca-prod.accela.com/ANAHEIM/Cap/CapHome.aspx?module=Building&TabName=Building,2026-09-27T01:07:07Z,2026-09-27T13:03:24Z
anaheim:BLD2024-06029-REV13,anaheim-accela,BLD2024-06029-REV13,BLD2024-06029,07/22/2026,Plan Revision,Closed,"1313 S HARBOR BLVD, 9098, Anaheim CA 92802","DLR - Administrative Building 9098 (H6/7) - Tenant Improvement: 3,298 sq. ft. to reconfigure restrooms, break rooms, conference rooms and custodial closets throughout all levels. Modifications to existing costuming issue booths, stairs and railings. Infill (30) windows and attach metal perforated panels. Remove existing awnings and replace with new exterior façade elements. Install (6) cantilever umbrellas and reinstall existing statue with new pedestal.",,https://aca-prod.accela.com/ANAHEIM/Cap/CapHome.aspx?module=Building&TabName=Building,2026-09-27T01:07:07Z,2026-09-27T13:03:24Z
anaheim:BLD2024-06029-REV14,anaheim-accela,BLD2024-06029-REV14,BLD2024-06029,07/31/2026,Plan Revision,Closed,"1313 S HARBOR BLVD, 9098, Anaheim CA 92802","DLR - Administrative Building 9098 (H6/7) - Tenant Improvement: 3,298 sq. ft. to reconfigure restrooms, break rooms, conference rooms and custodial closets throughout all levels. Modifications to existing costuming issue booths, stairs and railings. Infill (30) windows and attach metal perforated panels. Remove existing awnings and replace with new exterior façade elements. Install (6) cantilever umbrellas and reinstall existing statue with new pedestal.",,https://aca-prod.accela.com/ANAHEIM/Cap/CapHome.aspx?module=Building&TabName=Building,2026-09-27T01:07:07Z,2026-09-27T13:03:24Z
anaheim:BLD2024-06257-REV04,anaheim-accela,BLD2024-06257-REV04,BLD2024-06257,08/27/2026,Plan Revision,Plan Review,"1313 S HARBOR BLVD, 1001, Anaheim CA 92802",DLR - Souk Market/BLDG #1001 - Tenant Improvement: New projectors on new high curb. New passive railing on upper roof. Install maintenance access stair from lower roof to upper roof. With electrical and mechanical.,,https://aca-prod.accela.com/ANAHEIM/Cap/CapHome.aspx?module=Building&TabName=Building,2026-09-27T01:07:07Z,2026-09-27T13:03:24Z
anaheim:BLD2024-06260-REV06,anaheim-accela,BLD2024-06260-REV06,BLD2024-06260,08/27/2026,Plan Revision,Plan Review,"1313 S HARBOR BLVD, 1002, Anaheim CA 92802",DLR - Village Shops/BLDG #1002 - Tenant Improvement: New projectors on new high curb. Install vertical ladder. Construct steel platform with ladder to support light fixtures. With electrical and mechanical.,,https://aca-prod.accela.com/ANAHEIM/Cap/CapHome.aspx?module=Building&TabName=Building,2026-09-27T01:07:07Z,2026-09-27T13:03:24Z
anaheim:BLD2024-06261-REV06,anaheim-accela,BLD2024-06261-REV06,BLD2024-06261,08/27/2026,Plan Revision,Plan Review,"1313 S HARBOR BLVD, 1003, ANAHEIM CA 92802",DLR - Smugglers Run/BLDG #1003 - Tenant Improvement: New projectors on new high curb. With electrical and mechanical.,,https://aca-prod.accela.com/ANAHEIM/Cap/CapHome.aspx?module=Building&TabName=Building,2026-09-27T01:07:07Z,2026-09-27T13:03:24Z
anaheim:BLD2024-06698-REV06,anaheim-accela,BLD2024-06698-REV06,BLD2024-06698,04/07/2026,Plan Revision,Closed,"1313 S HARBOR BLVD, 9058, ANAHEIM CA 92802","DLR - Fantasyland BOH/BLDG #9058 - Tenant Improvement: 9 ln ft x 4'8"" height wall above existing 3'10"" wall. Replace metal roof, existing stair and landing and add additional stair. With plumbing and electrical.",,https://aca-prod.accela.com/ANAHEIM/Cap/CapHome.aspx?module=Building&TabName=Building,2026-09-27T01:07:07Z,2026-09-27T13:03:24Z
anaheim:BLD2025-00157-REV02,anaheim-accela,BLD2025-00157-REV02,BLD2025-00157,09/23/2026,Plan Revision,Plan Review,"1313 S HARBOR BLVD, ANAHEIM CA 92802",DLR - Fantasyland Overall - Tenant Improvement: Add and replace audio equipment and control cabinets. Replace pull box and pour back affected concrete. With electrical.,,https://aca-prod.accela.com/ANAHEIM/Cap/CapHome.aspx?module=Building&TabName=Building,2026-09-27T01:07:07Z,2026-09-27T13:03:24Z
anaheim:BLD2025-00357-REV07,anaheim-accela,BLD2025-00357-REV07,BLD2025-00357,06/02/2026,Plan Revision,Closed,"1600 S DISNEYLAND DR, ANAHEIM CA 92802","GCH - Storytellers Cafe - Tenant Improvement: 1,673 sq. ft. to remodel back of house kitchen with new ceiling grid, steel walls at wash stations and upgrade electrical, mechanical and plumbing fixtures.",,https://aca-prod.accela.com/ANAHEIM/Cap/CapHome.aspx?module=Building&TabName=Building,2026-09-27T01:07:07Z,2026-09-27T13:03:24Z
anaheim:BLD2025-01597-REV01,anaheim-accela,BLD2025-01597-REV01,BLD2025-01597,04/17/2026,Plan Revision,Closed,"1556 S DISNEYLAND DR, ANAHEIM CA 92802",DTD - Communications Closet - 434F - Accessory Building: 65 sq ft electrical equipment room. With mechanical and electrical.,,https://aca-prod.accela.com/ANAHEIM/Cap/CapHome.aspx?module=Building&TabName=Building,2026-09-27T01:07:07Z,2026-09-27T13:03:24Z
anaheim:BLD2025-01597-REV02,anaheim-accela,BLD2025-01597-REV02,BLD2025-01597,07/31/2026,Plan Revision,Closed,"1556 S DISNEYLAND DR, ANAHEIM CA 92802",DTD - Communications Closet - 434F - Accessory Building: 65 sq ft electrical equipment room. With mechanical and electrical.,,https://aca-prod.accela.com/ANAHEIM/Cap/CapHome.aspx?module=Building&TabName=Building,2026-09-27T01:07:07Z,2026-09-27T13:03:24Z
anaheim:BLD2025-01654-REV01,anaheim-accela,BLD2025-01654-REV01,BLD2025-01654,04/08/2026,Plan Revision,Closed,"1556 S DISNEYLAND DR, ANAHEIM CA 92802","DTD - Pump Room - 434E - Area Development: Install new underground vault to re-route existing underground utility lines that support existing fountain. With mechanical, electrical and plumbing.",,https://aca-prod.accela.com/ANAHEIM/Cap/CapHome.aspx?module=Building&TabName=Building,2026-09-27T01:07:07Z,2026-09-27T13:03:24Z
anaheim:BLD2025-01654-REV02,anaheim-accela,BLD2025-01654-REV02,BLD2025-01654,05/06/2026,Plan Revision,Closed,"1556 S DISNEYLAND DR, ANAHEIM CA 92802","DTD - Pump Room - 434E - Area Development: Install new underground vault to re-route existing underground utility lines that support existing fountain. With mechanical, electrical and plumbing.",,https://aca-prod.accela.com/ANAHEIM/Cap/CapHome.aspx?module=Building&TabName=Building,2026-09-27T01:07:07Z,2026-09-27T13:03:24Z
anaheim:BLD2025-01654-REV03,anaheim-accela,BLD2025-01654-REV03,BLD2025-01654,07/22/2026,Plan Revision,Closed,"1556 S DISNEYLAND DR, ANAHEIM CA 92802","DTD - Pump Room - 434E - Area Development: Install new underground vault to re-route existing underground utility lines that support existing fountain. With mechanical, electrical and plumbing.",,https://aca-prod.accela.com/ANAHEIM/Cap/CapHome.aspx?module=Building&TabName=Building,2026-09-27T01:07:07Z,2026-09-27T13:03:24Z
anaheim:BLD2025-01833-REV04,anaheim-accela,BLD2025-01833-REV04,BLD2025-01833,05/06/2026,Plan Revision,Closed,"1515 S HARBOR BLVD, 762, ANAHEIM CA 92802","DCA - 760 Block / BLDG #762 - New Commercial Construction: 2,841 sq. ft. restroom building with custodial closets and electrical room. With associated electrical, mechanical and plumbing.",,https://aca-prod.accela.com/ANAHEIM/Cap/CapHome.aspx?module=Building&TabName=Building,2026-09-27T01:07:07Z,2026-09-27T13:03:24Z
anaheim:BLD2025-01833-REV05,anaheim-accela,BLD2025-01833-REV05,BLD2025-01833,06/22/2026,Plan Revision,Closed,"1515 S HARBOR BLVD, 762, ANAHEIM CA 92802","DCA - 760 Block / BLDG #762 - New Commercial Construction: 2,841 sq. ft. restroom building with custodial closets and electrical room. With associated electrical, mechanical and plumbing.",,https://aca-prod.accela.com/ANAHEIM/Cap/CapHome.aspx?module=Building&TabName=Building,2026-09-27T01:07:07Z,2026-09-27T13:03:24Z
anaheim:BLD2025-01938-REV01,anaheim-accela,BLD2025-01938-REV01,BLD2025-01938,04/07/2026,Plan Revision,Closed,"1556 S DISNEYLAND DR, ANAHEIM CA 92802",DTD - Building K - Onsite Water: Relocate plumbing utilities.,,https://aca-prod.accela.com/ANAHEIM/Cap/CapHome.aspx?module=Building&TabName=Building,2026-09-27T01:07:07Z,2026-09-27T13:03:24Z
anaheim:BLD2025-02087-REV05,anaheim-accela,BLD2025-02087-REV05,BLD2025-02087,04/14/2026,Plan Revision,Closed,"1515 S HARBOR BLVD, 761, ANAHEIM CA 92802","DCA -760 Block / BLDG 761- Miscellaneous: Install new foundation, steel framing and catwalks for new one-story building. With electrical.",,https://aca-prod.accela.com/ANAHEIM/Cap/CapHome.aspx?module=Building&TabName=Building,2026-09-27T01:07:07Z,2026-09-27T13:03:24Z
anaheim:BLD2025-02087-REV06,anaheim-accela,BLD2025-02087-REV06,BLD2025-02087,09/10/2026,Plan Revision,Closed,"1515 S HARBOR BLVD, 761, ANAHEIM CA 92802","DCA -760 Block / BLDG 761- Miscellaneous: Install new foundation, steel framing and catwalks for new one-story building. With electrical.",,https://aca-prod.accela.com/ANAHEIM/Cap/CapHome.aspx?module=Building&TabName=Building,2026-09-27T01:07:07Z,2026-09-27T13:03:24Z
anaheim:BLD2025-02600-REV03,anaheim-accela,BLD2025-02600-REV03,BLD2025-02600,06/05/2026,Plan Revision,Closed,"1313 S HARBOR BLVD, 8404, ANAHEIM CA 92802",DLR - Space Mountain - ODV Balloon Room/BLDG #8404 - Electrical: Provide power to O2 monitoring system.,,https://aca-prod.accela.com/ANAHEIM/Cap/CapHome.aspx?module=Building&TabName=Building,2026-09-27T01:07:07Z,2026-09-27T13:03:24Z
anaheim:BLD2025-03710-REV03,anaheim-accela,BLD2025-03710-REV03,BLD2025-03710,07/06/2026,Plan Revision,Closed,"1313 S HARBOR BLVD, 4400, ANAHEIM CA 92802",DLR - The Many Adventures of Winnie the Pooh/BLDG #4400 - Tenant Improvement: 163 sq ft to install new lift from basement level to ground level. A shed roof enclosure to be built at ground level. With electrical.,,https://aca-prod.accela.com/ANAHEIM/Cap/CapHome.aspx?module=Building&TabName=Building,2026-09-27T01:07:07Z,2026-09-27T13:03:24Z
anaheim:BLD2025-03710-REV04,anaheim-accela,BLD2025-03710-REV04,BLD2025-03710,08/17/2026,Plan Revision,Closed,"1313 S HARBOR BLVD, 4400, ANAHEIM CA 92802",DLR - The Many Adventures of Winnie the Pooh/BLDG #4400 - Tenant Improvement: 163 sq ft to install new lift from basement level to ground level. A shed roof enclosure to be built at ground level. With electrical.,,https://aca-prod.accela.com/ANAHEIM/Cap/CapHome.aspx?module=Building&TabName=Building,2026-09-27T01:07:07Z,2026-09-27T13:03:24Z
anaheim:BLD2025-03742-REV01,anaheim-accela,BLD2025-03742-REV01,BLD2025-03742,05/13/2026,Plan Revision,Closed,"1600 S DISNEYLAND DR, ANAHEIM CA 92802",GCH - Hearthstone Lounge - Tenant Improvement: 106 sq. ft. to reconfigure existing server station. With electrical and plumbing.,,https://aca-prod.accela.com/ANAHEIM/Cap/CapHome.aspx?module=Building&TabName=Building,2026-09-27T01:07:07Z,2026-09-27T13:03:24Z
anaheim:BLD2025-03742-REV02,anaheim-accela,BLD2025-03742-REV02,BLD2025-03742,08/06/2026,Plan Revision,Closed,"1600 S DISNEYLAND DR, ANAHEIM CA 92802",GCH - Hearthstone Lounge - Tenant Improvement: 106 sq. ft. to reconfigure existing server station. With electrical and plumbing.,,https://aca-prod.accela.com/ANAHEIM/Cap/CapHome.aspx?module=Building&TabName=Building,2026-09-27T01:07:07Z,2026-09-27T13:03:24Z
anaheim:BLD2025-03836-REV01,anaheim-accela,BLD2025-03836-REV01,BLD2025-03836,06/05/2026,Plan Revision,Closed,"1616 S DISNEYLAND DR, 516, ANAHEIM CA 92802",DCA - Pixar Pier RR/BLDG #516 - Tenant Improvement: Install new pipe support. Install (1) drinking fountain at standing height and (1) bottle filler at accessible height.,,https://aca-prod.accela.com/ANAHEIM/Cap/CapHome.aspx?module=Building&TabName=Building,2026-09-27T01:07:07Z,2026-09-27T13:03:24Z
anaheim:BLD2025-04067-REV01,anaheim-accela,BLD2025-04067-REV01,BLD2025-04067,06/16/2026,Plan Revision,Closed,"1313 S HARBOR BLVD, 1305, ANAHEIM CA 92802","DLR - Main Street Cinema/BLDG #1305 - Tenant Improvement: Replace ceiling, wall and ground mounted AV equipment. With electrical.",,https://aca-prod.accela.com/ANAHEIM/Cap/CapHome.aspx?module=Building&TabName=Building,2026-09-27T01:07:07Z,2026-09-27T13:03:24Z
anaheim:BLD2025-04067-REV02,anaheim-accela,BLD2025-04067-REV02,BLD2025-04067,07/09/2026,Plan Revision,Closed,"1313 S HARBOR BLVD, 1305, ANAHEIM CA 92802","DLR - Main Street Cinema/BLDG #1305 - Tenant Improvement: Replace ceiling, wall and ground mounted AV equipment. With electrical.",,https://aca-prod.accela.com/ANAHEIM/Cap/CapHome.aspx?module=Building&TabName=Building,2026-09-27T01:07:07Z,2026-09-27T13:03:24Z
anaheim:BLD2025-04067-REV03,anaheim-accela,BLD2025-04067-REV03,BLD2025-04067,08/12/2026,Plan Revision,Closed,"1313 S HARBOR BLVD, 1305, ANAHEIM CA 92802","DLR - Main Street Cinema/BLDG #1305 - Tenant Improvement: Replace ceiling, wall and ground mounted AV equipment. With electrical.",,https://aca-prod.accela.com/ANAHEIM/Cap/CapHome.aspx?module=Building&TabName=Building,2026-09-27T01:07:07Z,2026-09-27T13:03:24Z
anaheim:BLD2025-04378-REV03,anaheim-accela,BLD2025-04378-REV03,BLD2025-04378,04/28/2026,Plan Revision,Closed,"1313 S HARBOR BLVD, 9087B, ANAHEIM CA 92802",DLR - North Service Area/BLDG #9087B - Accessory Building: 498 sq. ft. outdoor storage CMU building with chain link fence gates. With electrical. Remove (3) unpermitted sheds.,,https://aca-prod.accela.com/ANAHEIM/Cap/CapHome.aspx?module=Building&TabName=Building,2026-09-27T01:07:07Z,2026-09-27T13:03:24Z
anaheim:BLD2025-04469-REV01,anaheim-accela,BLD2025-04469-REV01,BLD2025-04469,04/30/2026,Plan Revision,Closed,"1313 S HARBOR BLVD, 7600, ANAHEIM CA 92802","DLR - Matterhorn Bobsleds - Tenant Improvement: Install new projector pole with enclosure, new air conditioner on new platform and modify maintenance walkway, stairs and handrails. With electrical and mechanical.",,https://aca-prod.accela.com/ANAHEIM/Cap/CapHome.aspx?module=Building&TabName=Building,2026-09-27T01:07:07Z,2026-09-27T13:03:24Z
anaheim:BLD2025-04469-REV02,anaheim-accela,BLD2025-04469-REV02,BLD2025-04469,05/26/2026,Plan Revision,Closed,"1313 S HARBOR BLVD, 7600, ANAHEIM CA 92802","DLR - Matterhorn Bobsleds - Tenant Improvement: Install new projector pole with enclosure, new air conditioner on new platform and modify maintenance walkway, stairs and handrails. With electrical and mechanical.",,https://aca-prod.accela.com/ANAHEIM/Cap/CapHome.aspx?module=Building&TabName=Building,2026-09-27T01:07:07Z,2026-09-27T13:03:24Z
anaheim:BLD2025-04469-REV03,anaheim-accela,BLD2025-04469-REV03,BLD2025-04469,07/29/2026,Plan Revision,Closed,"1313 S HARBOR BLVD, 7600, ANAHEIM CA 92802","DLR - Matterhorn Bobsleds - Tenant Improvement: Install new projector pole with enclosure, new air conditioner on new platform and modify maintenance walkway, stairs and handrails. With electrical and mechanical.",,https://aca-prod.accela.com/ANAHEIM/Cap/CapHome.aspx?module=Building&TabName=Building,2026-09-27T01:07:07Z,2026-09-27T13:03:24Z
anaheim:BLD2025-04469-REV04,anaheim-accela,BLD2025-04469-REV04,BLD2025-04469,09/21/2026,Plan Revision,Closed,"1313 S HARBOR BLVD, 7600, ANAHEIM CA 92802","DLR - Matterhorn Bobsleds - Tenant Improvement: Install new projector pole with enclosure, new air conditioner on new platform and modify maintenance walkway, stairs and handrails. With electrical and mechanical.",,https://aca-prod.accela.com/ANAHEIM/Cap/CapHome.aspx?module=Building&TabName=Building,2026-09-27T01:07:07Z,2026-09-27T13:03:24Z
anaheim:BLD2025-04584-REV05,anaheim-accela,BLD2025-04584-REV05,BLD2025-04584,04/09/2026,Plan Revision,Closed,"1515 S HARBOR BLVD, 761, ANAHEIM CA 92802","DCA - 760 Block/BLDG #761 - New Commercial Construction: 110,757 sq. ft. attraction building with restrooms, offices and breakroom. Construct 3,425 sq. ft. of canopies and (9) awnings.",,https://aca-prod.accela.com/ANAHEIM/Cap/CapHome.aspx?module=Building&TabName=Building,2026-09-27T01:07:07Z,2026-09-27T13:03:24Z
anaheim:BLD2025-04584-REV06,anaheim-accela,BLD2025-04584-REV06,BLD2025-04584,04/09/2026,Plan Revision,Closed,"1515 S HARBOR BLVD, 761, ANAHEIM CA 92802","DCA - 760 Block/BLDG #761 - New Commercial Construction: 110,757 sq. ft. attraction building with restrooms, offices and breakroom. Construct 3,425 sq. ft. of canopies and (9) awnings.",,https://aca-prod.accela.com/ANAHEIM/Cap/CapHome.aspx?module=Building&TabName=Building,2026-09-27T01:07:07Z,2026-09-27T13:03:24Z
anaheim:BLD2025-04584-REV07,anaheim-accela,BLD2025-04584-REV07,BLD2025-04584,04/27/2026,Plan Revision,Closed,"1515 S HARBOR BLVD, 761, ANAHEIM CA 92802","DCA - 760 Block/BLDG #761 - New Commercial Construction: 110,757 sq. ft. attraction building with restrooms, offices and breakroom. Construct 3,425 sq. ft. of canopies and (9) awnings.",,https://aca-prod.accela.com/ANAHEIM/Cap/CapHome.aspx?module=Building&TabName=Building,2026-09-27T01:07:07Z,2026-09-27T13:03:24Z
anaheim:BLD2025-04584-REV08,anaheim-accela,BLD2025-04584-REV08,BLD2025-04584,05/18/2026,Plan Revision,Closed,"1515 S HARBOR BLVD, 761, ANAHEIM CA 92802","DCA - 760 Block/BLDG #761 - New Commercial Construction: 110,757 sq. ft. attraction building with restrooms, offices and breakroom. Construct 3,425 sq. ft. of canopies and (9) awnings.",,https://aca-prod.accela.com/ANAHEIM/Cap/CapHome.aspx?module=Building&TabName=Building,2026-09-27T01:07:07Z,2026-09-27T13:03:24Z
anaheim:BLD2025-04584-REV09,anaheim-accela,BLD2025-04584-REV09,BLD2025-04584,05/18/2026,Plan Revision,Closed,"1515 S HARBOR BLVD, 761, ANAHEIM CA 92802","DCA - 760 Block/BLDG #761 - New Commercial Construction: 110,757 sq. ft. attraction building with restrooms, offices and breakroom. Construct 3,425 sq. ft. of canopies and (9) awnings.",,https://aca-prod.accela.com/ANAHEIM/Cap/CapHome.aspx?module=Building&TabName=Building,2026-09-27T01:07:07Z,2026-09-27T13:03:24Z
anaheim:BLD2025-04584-REV10,anaheim-accela,BLD2025-04584-REV10,BLD2025-04584,06/02/2026,Plan Revision,Closed,"1515 S HARBOR BLVD, 761, ANAHEIM CA 92802","DCA - 760 Block/BLDG #761 - New Commercial Construction: 110,757 sq. ft. attraction building with restrooms, offices and breakroom. Construct 3,425 sq. ft. of canopies and (9) awnings.",,https://aca-prod.accela.com/ANAHEIM/Cap/CapHome.aspx?module=Building&TabName=Building,2026-09-27T01:07:07Z,2026-09-27T13:03:24Z
anaheim:BLD2025-04584-REV11,anaheim-accela,BLD2025-04584-REV11,BLD2025-04584,06/04/2026,Plan Revision,Closed,"1515 S HARBOR BLVD, 761, ANAHEIM CA 92802","DCA - 760 Block/BLDG #761 - New Commercial Construction: 110,757 sq. ft. attraction building with restrooms, offices and breakroom. Construct 3,425 sq. ft. of canopies and (9) awnings.",,https://aca-prod.accela.com/ANAHEIM/Cap/CapHome.aspx?module=Building&TabName=Building,2026-09-27T01:07:07Z,2026-09-27T13:03:24Z
anaheim:BLD2025-04584-REV12,anaheim-accela,BLD2025-04584-REV12,BLD2025-04584,06/08/2026,Plan Revision,Closed,"1515 S HARBOR BLVD, 761, ANAHEIM CA 92802","DCA - 760 Block/BLDG #761 - New Commercial Construction: 110,757 sq. ft. attraction building with restrooms, offices and breakroom. Construct 3,425 sq. ft. of canopies and (9) awnings.",,https://aca-prod.accela.com/ANAHEIM/Cap/CapHome.aspx?module=Building&TabName=Building,2026-09-27T01:07:07Z,2026-09-27T13:03:24Z
anaheim:BLD2025-04584-REV13,anaheim-accela,BLD2025-04584-REV13,BLD2025-04584,06/08/2026,Plan Revision,Closed,"1515 S HARBOR BLVD, 761, ANAHEIM CA 92802","DCA - 760 Block/BLDG #761 - New Commercial Construction: 110,757 sq. ft. attraction building with restrooms, offices and breakroom. Construct 3,425 sq. ft. of canopies and (9) awnings.",,https://aca-prod.accela.com/ANAHEIM/Cap/CapHome.aspx?module=Building&TabName=Building,2026-09-27T01:07:07Z,2026-09-27T13:03:24Z
anaheim:BLD2025-04584-REV14,anaheim-accela,BLD2025-04584-REV14,BLD2025-04584,06/16/2026,Plan Revision,Closed,"1515 S HARBOR BLVD, 761, ANAHEIM CA 92802","DCA - 760 Block/BLDG #761 - New Commercial Construction: 110,757 sq. ft. attraction building with restrooms, offices and breakroom. Construct 3,425 sq. ft. of canopies and (9) awnings.",,https://aca-prod.accela.com/ANAHEIM/Cap/CapHome.aspx?module=Building&TabName=Building,2026-09-27T01:07:07Z,2026-09-27T13:03:24Z
anaheim:BLD2025-04584-REV16,anaheim-accela,BLD2025-04584-REV16,BLD2025-04584,06/17/2026,Plan Revision,Closed,"1515 S HARBOR BLVD, 761, ANAHEIM CA 92802","DCA - 760 Block/BLDG #761 - New Commercial Construction: 110,757 sq. ft. attraction building with restrooms, offices and breakroom. Construct 3,425 sq. ft. of canopies and (9) awnings.",,https://aca-prod.accela.com/ANAHEIM/Cap/CapHome.aspx?module=Building&TabName=Building,2026-09-27T01:07:07Z,2026-09-27T13:03:24Z
anaheim:BLD2025-04584-REV17,anaheim-accela,BLD2025-04584-REV17,BLD2025-04584,06/22/2026,Plan Revision,Plan Review,"1515 S HARBOR BLVD, 761, ANAHEIM CA 92802","DCA - 760 Block/BLDG #761 - New Commercial Construction: 110,757 sq. ft. attraction building with restrooms, offices and breakroom. Construct 3,425 sq. ft. of canopies and (9) awnings.",,https://aca-prod.accela.com/ANAHEIM/Cap/CapHome.aspx?module=Building&TabName=Building,2026-09-27T01:07:07Z,2026-09-27T13:03:24Z
anaheim:BLD2025-04584-REV18,anaheim-accela,BLD2025-04584-REV18,BLD2025-04584,06/29/2026,Plan Revision,Closed,"1515 S HARBOR BLVD, 761, ANAHEIM CA 92802","DCA - 760 Block/BLDG #761 - New Commercial Construction: 110,757 sq. ft. attraction building with restrooms, offices and breakroom. Construct 3,425 sq. ft. of canopies and (9) awnings.",,https://aca-prod.accela.com/ANAHEIM/Cap/CapHome.aspx?module=Building&TabName=Building,2026-09-27T01:07:07Z,2026-09-27T13:03:24Z
anaheim:BLD2025-04584-REV19,anaheim-accela,BLD2025-04584-REV19,BLD2025-04584,07/17/2026,Plan Revision,Closed,"1515 S HARBOR BLVD, 761, ANAHEIM CA 92802","DCA - 760 Block/BLDG #761 - New Commercial Construction: 110,757 sq. ft. attraction building with restrooms, offices and breakroom. Construct 3,425 sq. ft. of canopies and (9) awnings.",,https://aca-prod.accela.com/ANAHEIM/Cap/CapHome.aspx?module=Building&TabName=Building,2026-09-27T01:07:07Z,2026-09-27T13:03:24Z
anaheim:BLD2025-04584-REV20,anaheim-accela,BLD2025-04584-REV20,BLD2025-04584,07/17/2026,Plan Revision,Closed,"1515 S HARBOR BLVD, 761, ANAHEIM CA 92802","DCA - 760 Block/BLDG #761 - New Commercial Construction: 110,757 sq. ft. attraction building with restrooms, offices and breakroom. Construct 3,425 sq. ft. of canopies and (9) awnings.",,https://aca-prod.accela.com/ANAHEIM/Cap/CapHome.aspx?module=Building&TabName=Building,2026-09-27T01:07:07Z,2026-09-27T13:03:24Z
anaheim:BLD2025-04584-REV21,anaheim-accela,BLD2025-04584-REV21,BLD2025-04584,07/23/2026,Plan Revision,Closed,"1515 S HARBOR BLVD, 761, ANAHEIM CA 92802","DCA - 760 Block/BLDG #761 - New Commercial Construction: 110,757 sq. ft. attraction building with restrooms, offices and breakroom. Construct 3,425 sq. ft. of canopies and (9) awnings.",,https://aca-prod.accela.com/ANAHEIM/Cap/CapHome.aspx?module=Building&TabName=Building,2026-09-27T01:07:07Z,2026-09-27T13:03:24Z
anaheim:BLD2025-04584-REV22,anaheim-accela,BLD2025-04584-REV22,BLD2025-04584,07/24/2026,Plan Revision,Closed,"1515 S HARBOR BLVD, 761, ANAHEIM CA 92802","DCA - 760 Block/BLDG #761 - New Commercial Construction: 110,757 sq. ft. attraction building with restrooms, offices and breakroom. Construct 3,425 sq. ft. of canopies and (9) awnings.",,https://aca-prod.accela.com/ANAHEIM/Cap/CapHome.aspx?module=Building&TabName=Building,2026-09-27T01:07:07Z,2026-09-27T13:03:24Z
anaheim:BLD2025-04584-REV23,anaheim-accela,BLD2025-04584-REV23,BLD2025-04584,08/20/2026,Plan Revision,Closed,"1515 S HARBOR BLVD, 761, ANAHEIM CA 92802","DCA - 760 Block/BLDG #761 - New Commercial Construction: 110,757 sq. ft. attraction building with restrooms, offices and breakroom. Construct 3,425 sq. ft. of canopies and (9) awnings.",,https://aca-prod.accela.com/ANAHEIM/Cap/CapHome.aspx?module=Building&TabName=Building,2026-09-27T01:07:07Z,2026-09-27T13:03:24Z
anaheim:BLD2025-04584-REV24,anaheim-accela,BLD2025-04584-REV24,BLD2025-04584,08/25/2026,Plan Revision,Closed,"1515 S HARBOR BLVD, 761, ANAHEIM CA 92802","DCA - 760 Block/BLDG #761 - New Commercial Construction: 110,757 sq. ft. attraction building with restrooms, offices and breakroom. Construct 3,425 sq. ft. of canopies and (9) awnings.",,https://aca-prod.accela.com/ANAHEIM/Cap/CapHome.aspx?module=Building&TabName=Building,2026-09-27T01:07:07Z,2026-09-27T13:03:24Z
anaheim:BLD2025-04584-REV25,anaheim-accela,BLD2025-04584-REV25,BLD2025-04584,08/25/2026,Plan Revision,Plan Review,"1515 S HARBOR BLVD, 761, ANAHEIM CA 92802","DCA - 760 Block/BLDG #761 - New Commercial Construction: 110,757 sq. ft. attraction building with restrooms, offices and breakroom. Construct 3,425 sq. ft. of canopies and (9) awnings.",,https://aca-prod.accela.com/ANAHEIM/Cap/CapHome.aspx?module=Building&TabName=Building,2026-09-27T01:07:07Z,2026-09-27T13:03:24Z
anaheim:BLD2025-04584-REV26,anaheim-accela,BLD2025-04584-REV26,BLD2025-04584,09/03/2026,Plan Revision,Closed,"1515 S HARBOR BLVD, 761, ANAHEIM CA 92802","DCA - 760 Block/BLDG #761 - New Commercial Construction: 110,757 sq. ft. attraction building with restrooms, offices and breakroom. Construct 3,425 sq. ft. of canopies and (9) awnings.",,https://aca-prod.accela.com/ANAHEIM/Cap/CapHome.aspx?module=Building&TabName=Building,2026-09-27T01:07:07Z,2026-09-27T13:03:24Z
anaheim:BLD2025-04584-REV27,anaheim-accela,BLD2025-04584-REV27,BLD2025-04584,09/14/2026,Plan Revision,Closed,"1515 S HARBOR BLVD, 761, ANAHEIM CA 92802","DCA - 760 Block/BLDG #761 - New Commercial Construction: 110,757 sq. ft. attraction building with restrooms, offices and breakroom. Construct 3,425 sq. ft. of canopies and (9) awnings.",,https://aca-prod.accela.com/ANAHEIM/Cap/CapHome.aspx?module=Building&TabName=Building,2026-09-27T01:07:07Z,2026-09-27T13:03:24Z
anaheim:BLD2025-04584-REV28,anaheim-accela,BLD2025-04584-REV28,BLD2025-04584,09/21/2026,Plan Revision,Closed,"1515 S HARBOR BLVD, 761, ANAHEIM CA 92802","DCA - 760 Block/BLDG #761 - New Commercial Construction: 110,757 sq. ft. attraction building with restrooms, offices and breakroom. Construct 3,425 sq. ft. of canopies and (9) awnings.",,https://aca-prod.accela.com/ANAHEIM/Cap/CapHome.aspx?module=Building&TabName=Building,2026-09-27T01:07:07Z,2026-09-27T13:03:24Z
anaheim:BLD2025-04659-REV01,anaheim-accela,BLD2025-04659-REV01,BLD2025-04659,06/10/2026,Plan Revision,Closed,"1150 W MAGIC WAY, ANAHEIM CA 92802",DLH - Convention Center - Tenant Improvement: Install (2) drinking fountains and (4) bottle fillers. Install structural support for the fixtures. With electrical and plumbing. REF BLD2025-04660,,https://aca-prod.accela.com/ANAHEIM/Cap/CapHome.aspx?module=Building&TabName=Building,2026-09-27T01:07:07Z,2026-09-27T13:03:24Z
anaheim:BLD2025-04660-REV01,anaheim-accela,BLD2025-04660-REV01,BLD2025-04660,06/10/2026,Plan Revision,Closed,"1150 W MAGIC WAY, B, ANAHEIM CA 92802",DLH - Adventure Tower/Trader Sams - Tenant Improvement: Install (1) new bottle filler. Install structural support for the fixture. With electrical and plumbing. REF BLD2025-04659,,https://aca-prod.accela.com/ANAHEIM/Cap/CapHome.aspx?module=Building&TabName=Building,2026-09-27T01:07:07Z,2026-09-27T13:03:24Z
anaheim:BLD2025-04665-REV01,anaheim-accela,BLD2025-04665-REV01,BLD2025-04665,03/31/2026,Plan Revision,Closed,"1515 S HARBOR BLVD, 313, ANAHEIM CA 92802","DCA - Guardians of the Galaxy/BLDG #313 - Tenant Improvement: Extend platform at shaft C level 5. Install new electrical boxes, conduit, outlets and lighting.",,https://aca-prod.accela.com/ANAHEIM/Cap/CapHome.aspx?module=Building&TabName=Building,2026-09-27T01:07:07Z,2026-09-27T13:03:24Z
anaheim:BLD2025-04670-REV01,anaheim-accela,BLD2025-04670-REV01,BLD2025-04670,04/09/2026,Plan Revision,Closed,"1313 S HARBOR BLVD, 8900, ANAHEIM CA 92802",DLR - Finding Nemo/BLDG #8900 - Tenant Improvement: Remove and replace UPS unit with backup battery to be anchored to existing slab.,,https://aca-prod.accela.com/ANAHEIM/Cap/CapHome.aspx?module=Building&TabName=Building,2026-09-27T01:07:07Z,2026-09-27T13:03:24Z
anaheim:BLD2025-04670-REV02,anaheim-accela,BLD2025-04670-REV02,BLD2025-04670,05/01/2026,Plan Revision,Closed,"1313 S HARBOR BLVD, 8900, ANAHEIM CA 92802",DLR - Finding Nemo/BLDG #8900 - Tenant Improvement: Remove and replace UPS unit with backup battery to be anchored to existing slab.,,https://aca-prod.accela.com/ANAHEIM/Cap/CapHome.aspx?module=Building&TabName=Building,2026-09-27T01:07:07Z,2026-09-27T13:03:24Z
anaheim:BLD2025-04670-REV03,anaheim-accela,BLD2025-04670-REV03,BLD2025-04670,05/15/2026,Plan Revision,Closed,"1313 S HARBOR BLVD, 8900, ANAHEIM CA 92802",DLR - Finding Nemo/BLDG #8900 - Tenant Improvement: Remove and replace UPS unit with backup battery to be anchored to existing slab.,,https://aca-prod.accela.com/ANAHEIM/Cap/CapHome.aspx?module=Building&TabName=Building,2026-09-27T01:07:07Z,2026-09-27T13:03:24Z
anaheim:BLD2025-04687-REV01,anaheim-accela,BLD2025-04687-REV01,BLD2025-04687,05/18/2026,Plan Revision,Closed,"1515 S HARBOR BLVD, ANAHEIM CA 92802","DCA - 760 Block - Area Development - Site Work: 180 ln. ft. x 10 ft. max height chain link fences, 2,429 ln. ft. x 8 ft. max height retaining walls, 20 ln. ft. x over 8ft. high retaining walls, 68 ln. ft. x 9 ft. 4 in. max heigh block walls, metal and glass railing and (50) light poles. With electrical, mechanical and plumbing.",,https://aca-prod.accela.com/ANAHEIM/Cap/CapHome.aspx?module=Building&TabName=Building,2026-09-27T01:07:07Z,2026-09-27T13:03:24Z
anaheim:BLD2025-04687-REV02,anaheim-accela,BLD2025-04687-REV02,BLD2025-04687,06/10/2026,Plan Revision,Closed,"1515 S HARBOR BLVD, ANAHEIM CA 92802","DCA - 760 Block - Area Development - Site Work: 180 ln. ft. x 10 ft. max height chain link fences, 2,429 ln. ft. x 8 ft. max height retaining walls, 20 ln. ft. x over 8ft. high retaining walls, 68 ln. ft. x 9 ft. 4 in. max heigh block walls, metal and glass railing and (50) light poles. With electrical, mechanical and plumbing.",,https://aca-prod.accela.com/ANAHEIM/Cap/CapHome.aspx?module=Building&TabName=Building,2026-09-27T01:07:07Z,2026-09-27T13:03:24Z
anaheim:BLD2025-04687-REV03,anaheim-accela,BLD2025-04687-REV03,BLD2025-04687,06/30/2026,Plan Revision,Closed,"1515 S HARBOR BLVD, ANAHEIM CA 92802","DCA - 760 Block - Area Development - Site Work: 180 ln. ft. x 10 ft. max height chain link fences, 2,429 ln. ft. x 8 ft. max height retaining walls, 20 ln. ft. x over 8ft. high retaining walls, 68 ln. ft. x 9 ft. 4 in. max heigh block walls, metal and glass railing and (50) light poles. With electrical, mechanical and plumbing.",,https://aca-prod.accela.com/ANAHEIM/Cap/CapHome.aspx?module=Building&TabName=Building,2026-09-27T01:07:07Z,2026-09-27T13:03:24Z
anaheim:BLD2025-04995-REV02,anaheim-accela,BLD2025-04995-REV02,BLD2025-04995,04/14/2026,Plan Revision,Closed,"1150 W MAGIC WAY, B1, ANAHEIM CA 92802","DLH - Trader Sam's Enchanted Tiki Bar - Tenant Improvement: Replace (42) gas tiki torches with epoxy anchors at exterior. Install air conditioner at electrical room. Replace interior show effects, show lighting and lighting systems. With mechanical, electrical and plumbing.",,https://aca-prod.accela.com/ANAHEIM/Cap/CapHome.aspx?module=Building&TabName=Building,2026-09-27T01:07:07Z,2026-09-27T13:03:24Z
anaheim:BLD2025-04995-REV03,anaheim-accela,BLD2025-04995-REV03,BLD2025-04995,08/24/2026,Plan Revision,Closed,"1150 W MAGIC WAY, B1, ANAHEIM CA 92802","DLH - Trader Sam's Enchanted Tiki Bar - Tenant Improvement: Replace (42) gas tiki torches with epoxy anchors at exterior. Install air conditioner at electrical room. Replace interior show effects, show lighting and lighting systems. With mechanical, electrical and plumbing.",,https://aca-prod.accela.com/ANAHEIM/Cap/CapHome.aspx?module=Building&TabName=Building,2026-09-27T01:07:07Z,2026-09-27T13:03:24Z
anaheim:BLD2025-05043-REV01,anaheim-accela,BLD2025-05043-REV01,BLD2025-05043,09/14/2026,Plan Revision,Plan Review,"1509 S HARBOR BLVD, ANAHEIM CA 92802",DLR - East Esplanade - Site Work: Install 106 ln ft x 8 ft high chain link fence and 65 ln ft x 8 ft high wood fence. Relocate (1) light pole.,,https://aca-prod.accela.com/ANAHEIM/Cap/CapHome.aspx?module=Building&TabName=Building,2026-09-27T01:07:07Z,2026-09-27T13:03:24Z
anaheim:BLD2025-05167-REV01,anaheim-accela,BLD2025-05167-REV01,BLD2025-05167,04/24/2026,Plan Revision,Closed,"1313 S HARBOR BLVD, 5311, ANAHEIM CA 92802",DLR - River Belle Terrace - Electrical: Provide power for CO2 monitoring equipment.,,https://aca-prod.accela.com/ANAHEIM/Cap/CapHome.aspx?module=Building&TabName=Building,2026-09-27T01:07:07Z,2026-09-27T13:03:24Z
anaheim:BLD2025-05201-REV01,anaheim-accela,BLD2025-05201-REV01,BLD2025-05201,09/01/2026,Plan Revision,Closed,"1313 S HARBOR BLVD, 1300, ANAHEIM CA 92802","DLR - Main Street - Block 600/BLDG #1300 - Tenant Improvement: Replace exiting signage, illuminated exit signs, emergency lighting and electrical fixtures.",,https://aca-prod.accela.com/ANAHEIM/Cap/CapHome.aspx?module=Building&TabName=Building,2026-09-27T01:07:07Z,2026-09-27T13:03:24Z
anaheim:BLD2025-05291-REV01,anaheim-accela,BLD2025-05291-REV01,BLD2025-05291,08/14/2026,Plan Revision,Closed,"1510 S DISNEYLAND DR, ANAHEIM CA 92802","DTD - Building A - Non-Residential Addition: 11,407 sq ft new restaurant over existing basement level. 2,222 sq ft basement to be remodeled. 2,879 sq ft outdoor covered dining and 400 sq ft canopy over entrance.",,https://aca-prod.accela.com/ANAHEIM/Cap/CapHome.aspx?module=Building&TabName=Building,2026-09-27T01:07:07Z,2026-09-27T13:03:24Z
anaheim:BLD2025-05291-REV03,anaheim-accela,BLD2025-05291-REV03,BLD2025-05291,09/10/2026,Plan Revision,Closed,"1510 S DISNEYLAND DR, ANAHEIM CA 92802","DTD - Building A - Non-Residential Addition: 11,407 sq ft new restaurant over existing basement level. 2,222 sq ft basement to be remodeled. 2,879 sq ft outdoor covered dining and 400 sq ft canopy over entrance.",,https://aca-prod.accela.com/ANAHEIM/Cap/CapHome.aspx?module=Building&TabName=Building,2026-09-27T01:07:07Z,2026-09-27T13:03:24Z
anaheim:BLD2025-05348-REV01,anaheim-accela,BLD2025-05348-REV01,BLD2025-05348,05/12/2026,Plan Revision,Closed,"1616 S DISNEYLAND DR, ANAHEIM CA 92802",DCA - Substation #210/BOH - Site Work: 562 sq ft new attached canopy. Install (13) new light poles and (9) EV chargers. 100 ln ft x 8 ft tall CMU wall and 99 ln ft x 8 ft tall chain link fence. With electrical and plumbing.,,https://aca-prod.accela.com/ANAHEIM/Cap/CapHome.aspx?module=Building&TabName=Building,2026-09-27T01:07:07Z,2026-09-27T13:03:24Z
anaheim:BLD2025-05348-REV02,anaheim-accela,BLD2025-05348-REV02,BLD2025-05348,06/09/2026,Plan Revision,Closed,"1616 S DISNEYLAND DR, ANAHEIM CA 92802",DCA - Substation #210/BOH - Site Work: 562 sq ft new attached canopy. Install (13) new light poles and (9) EV chargers. 100 ln ft x 8 ft tall CMU wall and 99 ln ft x 8 ft tall chain link fence. With electrical and plumbing.,,https://aca-prod.accela.com/ANAHEIM/Cap/CapHome.aspx?module=Building&TabName=Building,2026-09-27T01:07:07Z,2026-09-27T13:03:24Z
anaheim:BLD2025-05348-REV03,anaheim-accela,BLD2025-05348-REV03,BLD2025-05348,07/09/2026,Plan Revision,Closed,"1616 S DISNEYLAND DR, ANAHEIM CA 92802",DCA - Substation #210/BOH - Site Work: 562 sq. ft. new canopy at side of building. Install (13) light poles and (9) EV-Chargers. 100 ln. ft. x 8 ft. high CMU wall and 99 ln. ft. x 8 ft. high chain link fence. With electrical and plumbing.,,https://aca-prod.accela.com/ANAHEIM/Cap/CapHome.aspx?module=Building&TabName=Building,2026-09-27T01:07:07Z,2026-09-27T13:03:24Z
anaheim:BLD2025-05348-REV04,anaheim-accela,BLD2025-05348-REV04,BLD2025-05348,08/31/2026,Plan Revision,Closed,"1616 S DISNEYLAND DR, ANAHEIM CA 92802","DCA - Substation #210/BOH - Site Work: 562 sq. ft. new canopy at side of building. Install (13) light poles and (9) EV-Chargers. 13 ln ft x 3 ft high retaining, 100 ln. ft. x 8 ft. high CMU wall and 99 ln. ft. x 8 ft. high chain link fence. With electrical, mechanical and plumbing",,https://aca-prod.accela.com/ANAHEIM/Cap/CapHome.aspx?module=Building&TabName=Building,2026-09-27T01:07:07Z,2026-09-27T13:03:24Z
anaheim:BLD2025-05388-REV01,anaheim-accela,BLD2025-05388-REV01,BLD2025-05388,04/17/2026,Plan Revision,Closed,"1616 S DISNEYLAND DR, 521, ANAHEIM CA 92802",DCA - Boardwalk Pizza and Pasta - Electrical: Provide power for CO2 monitoring equipment.,,https://aca-prod.accela.com/ANAHEIM/Cap/CapHome.aspx?module=Building&TabName=Building,2026-09-27T01:07:07Z,2026-09-27T13:03:24Z
anaheim:BLD2025-05390-REV01,anaheim-accela,BLD2025-05390-REV01,BLD2025-05390,04/17/2026,Plan Revision,Closed,"1313 S HARBOR BLVD, 10010, ANAHEIM CA 92802",DLR - Docking Bay #7 - Electrical: Provide power for CO2 monitoring equipment.,,https://aca-prod.accela.com/ANAHEIM/Cap/CapHome.aspx?module=Building&TabName=Building,2026-09-27T01:07:07Z,2026-09-27T13:03:24Z
anaheim:BLD2025-05391-REV01,anaheim-accela,BLD2025-05391-REV01,BLD2025-05391,04/17/2026,Plan Revision,Closed,"745 W KATELLA AVE, 806, ANAHEIM CA 92802",DCA - Flo's V8 Cafe - Electrical: Provide power for CO2 monitoring equipment.,,https://aca-prod.accela.com/ANAHEIM/Cap/CapHome.aspx?module=Building&TabName=Building,2026-09-27T01:07:07Z,2026-09-27T13:03:24Z
anaheim:BLD2025-05392-REV01,anaheim-accela,BLD2025-05392-REV01,BLD2025-05392,04/17/2026,Plan Revision,Closed,"1616 S DISNEYLAND DR, 501, ANAHEIM CA 92802",DCA - Lamplight Lounge - Electrical: Provide power for CO2 monitoring equipment.,,https://aca-prod.accela.com/ANAHEIM/Cap/CapHome.aspx?module=Building&TabName=Building,2026-09-27T01:07:07Z,2026-09-27T13:03:24Z
anaheim:BLD2025-05520-REV01,anaheim-accela,BLD2025-05520-REV01,BLD2025-05520,04/22/2026,Plan Revision,Closed,"1313 S HARBOR BLVD, ANAHEIM CA 92802","DLR - Chiller Plant - Stations 16, 55 & 66 - Harbor 12kv - Tenant Improvement: Create new switching station, construct 68 ln. ft. x 16 ft. high chain link fence and (3) light poles. With electrical.",,https://aca-prod.accela.com/ANAHEIM/Cap/CapHome.aspx?module=Building&TabName=Building,2026-09-27T01:07:07Z,2026-09-27T13:03:24Z
anaheim:BLD2025-05523-REV01,anaheim-accela,BLD2025-05523-REV01,BLD2025-05523,05/19/2026,Plan Revision,Closed,"700 W BALL RD, ANAHEIM CA 92802",DLR TDA/North EER Rooms - Tenant Improvement: Replace multi zoned split system heat pump servicing 1st - 4th floors. New concrete curb and anchoring. With mechanical and electrical.,,https://aca-prod.accela.com/ANAHEIM/Cap/CapHome.aspx?module=Building&TabName=Building,2026-09-27T01:07:07Z,2026-09-27T13:03:24Z
anaheim:BLD2025-05523-REV02,anaheim-accela,BLD2025-05523-REV02,BLD2025-05523,05/27/2026,Plan Revision,Closed,"700 W BALL RD, ANAHEIM CA 92802",DLR TDA/North EER Rooms - Tenant Improvement: Replace multi zoned split system heat pump servicing 1st - 4th floors. New concrete curb and anchoring. With mechanical and electrical.,,https://aca-prod.accela.com/ANAHEIM/Cap/CapHome.aspx?module=Building&TabName=Building,2026-09-27T01:07:07Z,2026-09-27T13:03:24Z
anaheim:BLD2025-05597-REV01,anaheim-accela,BLD2025-05597-REV01,BLD2025-05597,06/17/2026,Plan Revision,Closed,"1313 S HARBOR BLVD, 3302, ANAHEIM CA 92802","DLR - New Orleans Square/Train Station - New Commercial Construction: 357 sq ft breakroom building with restroom. With mechanical, electrical and plumbing.",,https://aca-prod.accela.com/ANAHEIM/Cap/CapHome.aspx?module=Building&TabName=Building,2026-09-27T01:07:07Z,2026-09-27T13:03:24Z
anaheim:BLD2025-05597-REV02,anaheim-accela,BLD2025-05597-REV02,BLD2025-05597,07/23/2026,Plan Revision,Closed,"1313 S HARBOR BLVD, 3302, ANAHEIM CA 92802","DLR - New Orleans Square/Train Station - New Commercial Construction: 357 sq ft breakroom building with restroom. With mechanical, electrical and plumbing.",,https://aca-prod.accela.com/ANAHEIM/Cap/CapHome.aspx?module=Building&TabName=Building,2026-09-27T01:07:07Z,2026-09-27T13:03:24Z
anaheim:BLD2025-05597-REV03,anaheim-accela,BLD2025-05597-REV03,BLD2025-05597,09/02/2026,Plan Revision,Closed,"1313 S HARBOR BLVD, 3302, ANAHEIM CA 92802","DLR - New Orleans Square/Train Station - New Commercial Construction: 357 sq ft breakroom building with restroom. With mechanical, electrical and plumbing.",,https://aca-prod.accela.com/ANAHEIM/Cap/CapHome.aspx?module=Building&TabName=Building,2026-09-27T01:07:07Z,2026-09-27T13:03:24Z
anaheim:BLD2025-05680-REV01,anaheim-accela,BLD2025-05680-REV01,BLD2025-05680,04/28/2026,Plan Revision,Closed,"1150 W MAGIC WAY, ANAHEIM CA 92802","DTD - Lilo Parking Lot - Site Work: Replace light fixtures for (7) existing light poles, install (4) new light poles and new gate arm with associated electrical. Restripe and new curb ramps.",,https://aca-prod.accela.com/ANAHEIM/Cap/CapHome.aspx?module=Building&TabName=Building,2026-09-27T01:07:07Z,2026-09-27T13:03:24Z
anaheim:BLD2025-05680-REV02,anaheim-accela,BLD2025-05680-REV02,BLD2025-05680,09/09/2026,Plan Revision,Closed,"1150 W MAGIC WAY, ANAHEIM CA 92802","DTD - Lilo Parking Lot - Site Work: Replace light fixtures for (7) existing light poles, install (4) new light poles and new gate arm with associated electrical. Restripe and new curb ramps.",,https://aca-prod.accela.com/ANAHEIM/Cap/CapHome.aspx?module=Building&TabName=Building,2026-09-27T01:07:07Z,2026-09-27T13:03:24Z
anaheim:BLD2025-05703-REV02,anaheim-accela,BLD2025-05703-REV02,BLD2025-05703,05/20/2026,Plan Revision,Closed,"1313 S HARBOR BLVD, 7611, ANAHEIM CA 92802","DLR - Fantasyland - Eldeweiss Snacks - Tenant Improvement: Create new walk-up window for existing restaurant and install 168 sq. ft. shade canopy, 518 sq. ft. prefab shade structure for outdoor dining and new equipment enclosure. With electrical.",,https://aca-prod.accela.com/ANAHEIM/Cap/CapHome.aspx?module=Building&TabName=Building,2026-09-27T01:07:07Z,2026-09-27T13:03:24Z
anaheim:BLD2025-05937-REV03,anaheim-accela,BLD2025-05937-REV03,BLD2025-05937,07/22/2026,Plan Revision,Closed,"1313 S HARBOR BLVD, 1500, ANAHEIM CA 92802",DLR - Main Street/Block 700 - Electrical: Replace dimmer for Main Street Town Square and Lincoln Theater exterior lighting. Re-circuit fixtures.,,https://aca-prod.accela.com/ANAHEIM/Cap/CapHome.aspx?module=Building&TabName=Building,2026-09-27T01:07:07Z,2026-09-27T13:03:24Z
anaheim:BLD2025-06035-REV01,anaheim-accela,BLD2025-06035-REV01,BLD2025-06035,06/01/2026,Plan Revision,Closed,"1313 S HARBOR BLVD, 2501, ANAHEIM CA 92802",DLR - West Service Area/Indiana Jones - Tenant Improvement: Remove diesel generators #5 and 15 and install new CNG generator #15. 71 ln ft x 8.5 ft tall CNG tank enclosure. With plumbing and electrical.,,https://aca-prod.accela.com/ANAHEIM/Cap/CapHome.aspx?module=Building&TabName=Building,2026-09-27T01:07:07Z,2026-09-27T13:03:24Z
anaheim:BLD2025-06070-REV01,anaheim-accela,BLD2025-06070-REV01,BLD2025-06070,09/21/2026,Plan Revision,Closed,"1616 S DISNEYLAND DR, 520, ANAHEIM CA 92802","DCA - Paradise Garden Grill - Tenant Improvement: Remove and replace the refrigeration rack, evaporators, and roof top equipment. New supports and platforms. With mechanical, electrical and plumbing.",,https://aca-prod.accela.com/ANAHEIM/Cap/CapHome.aspx?module=Building&TabName=Building,2026-09-27T01:07:07Z,2026-09-27T13:03:24Z
anaheim:BLD2025-06146-REV03,anaheim-accela,BLD2025-06146-REV03,BLD2025-06146,04/20/2026,Plan Revision,Closed,"1313 S HARBOR BLVD, 2303, ANAHEIM CA 92802",DLR - Adventureland/Jungle Cruise - Tenant Improvement: Structural repairs to rockwork and replace themed door.,,https://aca-prod.accela.com/ANAHEIM/Cap/CapHome.aspx?module=Building&TabName=Building,2026-09-27T01:07:07Z,2026-09-27T13:03:24Z
anaheim:BLD2025-06146-REV04,anaheim-accela,BLD2025-06146-REV04,BLD2025-06146,05/19/2026,Plan Revision,Closed,"1313 S HARBOR BLVD, 2303, ANAHEIM CA 92802",DLR - Adventureland/Jungle Cruise - Tenant Improvement: Structural repairs to rockwork.,,https://aca-prod.accela.com/ANAHEIM/Cap/CapHome.aspx?module=Building&TabName=Building,2026-09-27T01:07:07Z,2026-09-27T13:03:24Z
anaheim:BLD2025-06277-REV01,anaheim-accela,BLD2025-06277-REV01,BLD2025-06277,09/22/2026,Plan Revision,Plan Review,"1150 W MAGIC WAY, ANAHEIM CA 92802","DLH - Disneyland Convention Center - Tenant Improvement: Replace existing diesel generators with new compressed natural gas generators, (2) storage tanks and 115 ln. ft. x 10 ft. high CMU screen wall on roof of convention center. With electrical and plumbing.",,https://aca-prod.accela.com/ANAHEIM/Cap/CapHome.aspx?module=Building&TabName=Building,2026-09-27T01:07:07Z,2026-09-27T13:03:24Z
anaheim:BLD2025-06370-REV01,anaheim-accela,BLD2025-06370-REV01,BLD2025-06370,09/08/2026,Plan Revision,Plan Review,"1313 S HARBOR BLVD, 9090, ANAHEIM CA 92802",DLR - East Chiller Plant - Non Residential Addition: 90 sq ft addition to existing equipment enclosure. Replace sand filter on new concrete pad. With mechanical and electrical.,,https://aca-prod.accela.com/ANAHEIM/Cap/CapHome.aspx?module=Building&TabName=Building,2026-09-27T01:07:07Z,2026-09-27T13:03:24Z
anaheim:BLD2025-06378-REV01,anaheim-accela,BLD2025-06378-REV01,BLD2025-06378,05/11/2026,Plan Revision,Closed,"700 W BALL RD, ANAHEIM CA 92802","DLR - TDA - Tenant Improvement: 7,129 sq ft office remodel at first and third floors. With electrical.",,https://aca-prod.accela.com/ANAHEIM/Cap/CapHome.aspx?module=Building&TabName=Building,2026-09-27T01:07:07Z,2026-09-27T13:03:24Z
anaheim:BLD2025-06378-REV02,anaheim-accela,BLD2025-06378-REV02,BLD2025-06378,06/09/2026,Plan Revision,Closed,"700 W BALL RD, ANAHEIM CA 92802","DLR - TDA - Tenant Improvement: 7,129 sq ft office remodel at first and third floors. With electrical.",,https://aca-prod.accela.com/ANAHEIM/Cap/CapHome.aspx?module=Building&TabName=Building,2026-09-27T01:07:07Z,2026-09-27T13:03:24Z
anaheim:BLD2025-06378-REV03,anaheim-accela,BLD2025-06378-REV03,BLD2025-06378,07/02/2026,Plan Revision,Closed,"700 W BALL RD, ANAHEIM CA 92802","DLR - TDA - Tenant Improvement: 7,129 sq ft office remodel at first and third floors. With electrical.",,https://aca-prod.accela.com/ANAHEIM/Cap/CapHome.aspx?module=Building&TabName=Building,2026-09-27T01:07:07Z,2026-09-27T13:03:24Z
anaheim:BLD2025-06378-REV04,anaheim-accela,BLD2025-06378-REV04,BLD2025-06378,07/20/2026,Plan Revision,Closed,"700 W BALL RD, ANAHEIM CA 92802","DLR - TDA - Tenant Improvement: 7,129 sq ft office remodel at first and third floors. With electrical.",,https://aca-prod.accela.com/ANAHEIM/Cap/CapHome.aspx?module=Building&TabName=Building,2026-09-27T01:07:07Z,2026-09-27T13:03:24Z
anaheim:BLD2025-06428-REV02,anaheim-accela,BLD2025-06428-REV02,BLD2025-06428,06/10/2026,Plan Revision,Closed,"1600 S DISNEYLAND DR, ANAHEIM CA 92802",GCH - Bakery - Electrical and Plumbing: Remove (4) ovens and install (1) combi oven and (1) single stack oven. Create new floor sink at janitor closet.,,https://aca-prod.accela.com/ANAHEIM/Cap/CapHome.aspx?module=Building&TabName=Building,2026-09-27T01:07:07Z,2026-09-27T13:03:24Z
anaheim:BLD2025-06429-REV01,anaheim-accela,BLD2025-06429-REV01,BLD2025-06429,07/20/2026,Plan Revision,Closed,"1515 S HARBOR BLVD, 763, ANAHEIM CA 92802",DCA - Avengers Campus/QSR #763 - Accessory Building: 370 sq ft covered servicing counter with a 140 sq ft walk-in cooler for new beverage kiosk. With electrical and plumbing.,,https://aca-prod.accela.com/ANAHEIM/Cap/CapHome.aspx?module=Building&TabName=Building,2026-09-27T01:07:07Z,2026-09-27T13:03:24Z
anaheim:BLD2025-06429-REV02,anaheim-accela,BLD2025-06429-REV02,BLD2025-06429,08/27/2026,Plan Revision,Closed,"1515 S HARBOR BLVD, 763, ANAHEIM CA 92802",DCA - Avengers Campus/QSR #763 - Accessory Building: 370 sq ft covered servicing counter with a 140 sq ft walk-in cooler for new beverage kiosk. With electrical and plumbing.,,https://aca-prod.accela.com/ANAHEIM/Cap/CapHome.aspx?module=Building&TabName=Building,2026-09-27T01:07:07Z,2026-09-27T13:03:24Z
anaheim:BLD2025-06429-REV03,anaheim-accela,BLD2025-06429-REV03,BLD2025-06429,09/23/2026,Plan Revision,Plan Review,"1515 S HARBOR BLVD, 763, ANAHEIM CA 92802",DCA - Avengers Campus/QSR #763 - Accessory Building: 370 sq ft covered servicing counter with a 140 sq ft walk-in cooler for new beverage kiosk. With electrical and plumbing.,,https://aca-prod.accela.com/ANAHEIM/Cap/CapHome.aspx?module=Building&TabName=Building,2026-09-27T01:07:07Z,2026-09-27T13:03:24Z
anaheim:BLD2026-00321-REV01,anaheim-accela,BLD2026-00321-REV01,BLD2026-00321,09/14/2026,Plan Revision,Plan Review,"1140 W MAGIC WAY, ANAHEIM CA 92802",DLR - Lilo and Stitch Parking Lot - Site Work: Install new gate arm and (2) light poles at new rideshare area. With electrical.,,https://aca-prod.accela.com/ANAHEIM/Cap/CapHome.aspx?module=Building&TabName=Building,2026-09-27T01:07:07Z,2026-09-27T13:03:24Z
anaheim:BLD2026-00612-REV01,anaheim-accela,BLD2026-00612-REV01,BLD2026-00612,04/07/2026,Plan Revision,Closed,"1515 S HARBOR BLVD, 763, ANAHEIM CA 92802",DCA - Avengers Campus/QSR #763 - Trade Only: Install onsite electrical and plumbing.,,https://aca-prod.accela.com/ANAHEIM/Cap/CapHome.aspx?module=Building&TabName=Building,2026-09-27T01:07:07Z,2026-09-27T13:03:24Z
anaheim:BLD2026-00612-REV02,anaheim-accela,BLD2026-00612-REV02,BLD2026-00612,05/08/2026,Plan Revision,Closed,"1515 S HARBOR BLVD, 763, ANAHEIM CA 92802",DCA - Avengers Campus/QSR #763 - Trade Only: Install onsite electrical and plumbing.,,https://aca-prod.accela.com/ANAHEIM/Cap/CapHome.aspx?module=Building&TabName=Building,2026-09-27T01:07:07Z,2026-09-27T13:03:24Z
anaheim:BLD2026-00612-REV03,anaheim-accela,BLD2026-00612-REV03,BLD2026-00612,07/15/2026,Plan Revision,Closed,"1515 S HARBOR BLVD, 763, ANAHEIM CA 92802",DCA - Avengers Campus/QSR #763 - Trade Only: Install onsite electrical and plumbing.,,https://aca-prod.accela.com/ANAHEIM/Cap/CapHome.aspx?module=Building&TabName=Building,2026-09-27T01:07:07Z,2026-09-27T13:03:24Z
anaheim:BLD2026-00612-REV04,anaheim-accela,BLD2026-00612-REV04,BLD2026-00612,07/29/2026,Plan Revision,Closed,"1515 S HARBOR BLVD, 763, ANAHEIM CA 92802",DCA - Avengers Campus/QSR #763 - Trade Only: Install onsite electrical and plumbing.,,https://aca-prod.accela.com/ANAHEIM/Cap/CapHome.aspx?module=Building&TabName=Building,2026-09-27T01:07:07Z,2026-09-27T13:03:24Z
anaheim:BLD2026-00646-REV01,anaheim-accela,BLD2026-00646-REV01,BLD2026-00646,05/28/2026,Plan Revision,Closed,"1313 S HARBOR BLVD, 9085, ANAHEIM CA 92802",DLR - Monorail Shop/North Service Area - Tenant Improvement: 326 sq ft platform at pier #M9 and 298 sq ft platform at pier #254. 22 ln ft x 8 ft tall enclosure under each platform stair. With electrical.,,https://aca-prod.accela.com/ANAHEIM/Cap/CapHome.aspx?module=Building&TabName=Building,2026-09-27T01:07:07Z,2026-09-27T13:03:24Z
anaheim:BLD2026-00749-REV02,anaheim-accela,BLD2026-00749-REV02,BLD2026-00749,04/17/2026,Plan Revision,Closed,"1616 S DISNEYLAND DR, 504, ANAHEIM CA 92802",DCA - Toy Story Midway Mania - Tenant Improvement: Install (2) new UPS units anchored to existing concrete. New mounted projector at mezzanine. With electrical.,,https://aca-prod.accela.com/ANAHEIM/Cap/CapHome.aspx?module=Building&TabName=Building,2026-09-27T01:07:07Z,2026-09-27T13:03:24Z
anaheim:BLD2026-00805-REV01,anaheim-accela,BLD2026-00805-REV01,BLD2026-00805,05/04/2026,Plan Revision,Closed,"1570 S DISNEYLAND DR, 103, ANAHEIM CA 92802","DTD - BLDG H/#103 - Pandora - Tenant Improvement: 1,560 sq ft to reconfigure sales area, office and stock room. New storefront system. With mechanical and electrical.",,https://aca-prod.accela.com/ANAHEIM/Cap/CapHome.aspx?module=Building&TabName=Building,2026-09-27T01:07:07Z,2026-09-27T13:03:24Z
anaheim:BLD2026-00843-REV01,anaheim-accela,BLD2026-00843-REV01,BLD2026-00843,05/12/2026,Plan Revision,Closed,"1313 S HARBOR BLVD, 7105, ANAHEIM CA 92802",DLR - Fantasyland - Electrical: Install new electrical for new make-up stations.,,https://aca-prod.accela.com/ANAHEIM/Cap/CapHome.aspx?module=Building&TabName=Building,2026-09-27T01:07:07Z,2026-09-27T13:03:24Z
anaheim:BLD2026-00906-REV01,anaheim-accela,BLD2026-00906-REV01,BLD2026-00906,08/04/2026,Plan Revision,Closed,"1313 S HARBOR BLVD, 8900, ANAHEIM CA 92802",DLR - Finding Nemo - Dry Dock Facility - Non-Residential Addition: 56 sq ft addition for room to house new air compressor. Infill double door opening and create single door. With electrical.,,https://aca-prod.accela.com/ANAHEIM/Cap/CapHome.aspx?module=Building&TabName=Building,2026-09-27T01:07:07Z,2026-09-27T13:03:24Z
anaheim:BLD2026-00971-REV01,anaheim-accela,BLD2026-00971-REV01,BLD2026-00971,08/11/2026,Plan Revision,Closed,"1600 S DISNEYLAND DR, ANAHEIM CA 92802",GCH - Basement Level - Tenant Improvement: Install (2) balers with associated electrical.,,https://aca-prod.accela.com/ANAHEIM/Cap/CapHome.aspx?module=Building&TabName=Building,2026-09-27T01:07:07Z,2026-09-27T13:03:24Z
anaheim:BLD2026-00995-REV01,anaheim-accela,BLD2026-00995-REV01,BLD2026-00995,05/08/2026,Plan Revision,Closed,"1313 S HARBOR BLVD, 8101, ANAHEIM CA 92802",DLR - Buzz Lightyear/BLDG #8101 - Tenant Improvement: 105 sq ft to modify half-wall to accommodate new gate at unload area. Mechanical for new fans at EER. Electrical throughout.,,https://aca-prod.accela.com/ANAHEIM/Cap/CapHome.aspx?module=Building&TabName=Building,2026-09-27T01:07:07Z,2026-09-27T13:03:24Z
anaheim:BLD2026-00995-REV02,anaheim-accela,BLD2026-00995-REV02,BLD2026-00995,06/09/2026,Plan Revision,Closed,"1313 S HARBOR BLVD, 8101, ANAHEIM CA 92802",DLR - Buzz Lightyear/BLDG #8101 - Tenant Improvement: 105 sq ft to modify half-wall to accommodate new gate at unload area. Mechanical for new fans at EER. Electrical throughout.,,https://aca-prod.accela.com/ANAHEIM/Cap/CapHome.aspx?module=Building&TabName=Building,2026-09-27T01:07:07Z,2026-09-27T13:03:24Z
anaheim:BLD2026-00998-REV01,anaheim-accela,BLD2026-00998-REV01,BLD2026-00998,05/08/2026,Plan Revision,Closed,"1616 S DISNEYLAND DR, 535, ANAHEIM CA 92802",DCA - Parade Building/BOH - Tenant Improvement: Install (2) vertical storage lifts on new concrete slab. With electrical and plumbing.,,https://aca-prod.accela.com/ANAHEIM/Cap/CapHome.aspx?module=Building&TabName=Building,2026-09-27T01:07:07Z,2026-09-27T13:03:24Z
anaheim:BLD2026-00998-REV02,anaheim-accela,BLD2026-00998-REV02,BLD2026-00998,07/30/2026,Plan Revision,Closed,"1616 S DISNEYLAND DR, 535, ANAHEIM CA 92802",DCA - Parade Building/BOH - Tenant Improvement: Install (2) vertical storage lifts on new concrete slab. With electrical and plumbing.,,https://aca-prod.accela.com/ANAHEIM/Cap/CapHome.aspx?module=Building&TabName=Building,2026-09-27T01:07:07Z,2026-09-27T13:03:24Z
anaheim:BLD2026-01026-REV01,anaheim-accela,BLD2026-01026-REV01,BLD2026-01026,05/26/2026,Plan Revision,Closed,"1313 S HARBOR BLVD, 4200, ANAHEIM CA 92802",DLR - Hungry Bear BBQ/BLDG #4200 - Tenant Improvement: 90 sq ft to create electrical closet within existing basement. Update show lighting infrastructure and add additional. Extend outdoor dining/seating area at ground floor. Install new fabric cover at existing second floor canopy. With mechanical and electrical.,,https://aca-prod.accela.com/ANAHEIM/Cap/CapHome.aspx?module=Building&TabName=Building,2026-09-27T01:07:07Z,2026-09-27T13:03:24Z
anaheim:BLD2026-01026-REV02,anaheim-accela,BLD2026-01026-REV02,BLD2026-01026,07/02/2026,Plan Revision,Closed,"1313 S HARBOR BLVD, 4200, ANAHEIM CA 92802",DLR - Hungry Bear BBQ/BLDG #4200 - Tenant Improvement: 90 sq ft to create electrical closet within existing basement. Update show lighting infrastructure and add additional. Extend outdoor dining/seating area at ground floor. Install new fabric cover at existing second floor canopy. With mechanical and electrical.,,https://aca-prod.accela.com/ANAHEIM/Cap/CapHome.aspx?module=Building&TabName=Building,2026-09-27T01:07:07Z,2026-09-27T13:03:24Z
anaheim:BLD2026-01026-REV03,anaheim-accela,BLD2026-01026-REV03,BLD2026-01026,08/26/2026,Plan Revision,Closed,"1313 S HARBOR BLVD, 4200, ANAHEIM CA 92802","DLR - Hungry Bear BBQ/BLDG #4200 - Tenant Improvement: 90 sq ft to create electrical closet within existing basement. Update show lighting infrastructure and add additional. Extend outdoor dining/seating area at ground floor. Install new fabric cover at existing second floor canopy. With mechanical, plumbing and electrical.",,https://aca-prod.accela.com/ANAHEIM/Cap/CapHome.aspx?module=Building&TabName=Building,2026-09-27T01:07:07Z,2026-09-27T13:03:24Z
anaheim:BLD2026-01037-REV01,anaheim-accela,BLD2026-01037-REV01,BLD2026-01037,05/06/2026,Plan Revision,Closed,"1600 S DISNEYLAND DR, ANAHEIM CA 92802",GCH - Craftsman Bar and Grill - Electrical: Provide power to CO2 monitor equipment.,,https://aca-prod.accela.com/ANAHEIM/Cap/CapHome.aspx?module=Building&TabName=Building,2026-09-27T01:07:07Z,2026-09-27T13:03:24Z
anaheim:BLD2026-01054-REV01,anaheim-accela,BLD2026-01054-REV01,BLD2026-01054,05/18/2026,Plan Revision,Closed,"1616 S DISNEYLAND DR, ANAHEIM CA 92802","DCA - Paradise Gardens/Palisades Stage - Tenant Improvement: Replace steel framing, metal and wood decking, seismic support, waterproof membrane and electrical. Remove gala stage mechanical lift and associated electrical.",,https://aca-prod.accela.com/ANAHEIM/Cap/CapHome.aspx?module=Building&TabName=Building,2026-09-27T01:07:07Z,2026-09-27T13:03:24Z
anaheim:BLD2026-01151-REV01,anaheim-accela,BLD2026-01151-REV01,BLD2026-01151,07/09/2026,Plan Revision,Closed,"1313 S HARBOR BLVD, 6205, ANAHEIM CA 92802","DLR - Mickey and Minnie's Runaway Railway - Tenant Improvement: Modify scene sets 6A/6B, interior partitions, ceiling panels and exit signs. With electrical.",,https://aca-prod.accela.com/ANAHEIM/Cap/CapHome.aspx?module=Building&TabName=Building,2026-09-27T01:07:07Z,2026-09-27T13:03:24Z
anaheim:BLD2026-01309-REV01,anaheim-accela,BLD2026-01309-REV01,BLD2026-01309,03/31/2026,Plan Revision,Closed,"1313 S DISNEYLAND DR, ANAHEIM CA 92802",DLR - Mickey and Friends Parking Structure - Electrical: Install (2) twist-lock receptacles.,,https://aca-prod.accela.com/ANAHEIM/Cap/CapHome.aspx?module=Building&TabName=Building,2026-09-27T01:07:07Z,2026-09-27T13:03:24Z
anaheim:BLD2026-01435,anaheim-accela,BLD2026-01435,,03/31/2026,Building Permit,Issued,"1616 S DISNEYLAND DR, 517, ANAHEIM CA 92802","DCA - Golden Zephyr - Electrical: Upgrade power of pin & sleeve receptacles, pedestal and pad infrastructure to various marketplace locations.",04/07/2027,https://aca-prod.accela.com/ANAHEIM/Cap/CapHome.aspx?module=Building&TabName=Building,2026-09-27T01:07:07Z,2026-09-27T13:03:24Z
anaheim:BLD2026-01461,anaheim-accela,BLD2026-01461,,04/01/2026,Building Permit,Issued,"1505 S DISNEYLAND DR, ANAHEIM CA 92802",DTD - GCH/Pin Traders: Tenant Improvement: New concrete pad for panel box anchorage. Upgrade pin & sleeve outlets.,04/22/2027,https://aca-prod.accela.com/ANAHEIM/Cap/CapHome.aspx?module=Building&TabName=Building,2026-09-27T01:07:07Z,2026-09-27T13:03:24Z
anaheim:BLD2026-01461-REV01,anaheim-accela,BLD2026-01461-REV01,BLD2026-01461,05/11/2026,Plan Revision,Closed,"1505 S DISNEYLAND DR, ANAHEIM CA 92802",DTD - GCH/Pin Traders: Tenant Improvement: New concrete pad for panel box anchorage. Upgrade pin & sleeve outlets.,,https://aca-prod.accela.com/ANAHEIM/Cap/CapHome.aspx?module=Building&TabName=Building,2026-09-27T01:07:07Z,2026-09-27T13:03:24Z
anaheim:BLD2026-01461-REV02,anaheim-accela,BLD2026-01461-REV02,BLD2026-01461,06/01/2026,Plan Revision,Closed,"1505 S DISNEYLAND DR, ANAHEIM CA 92802",DTD - GCH/Pin Traders: Tenant Improvement: New concrete pad for panel box anchorage. Upgrade pin & sleeve outlets.,,https://aca-prod.accela.com/ANAHEIM/Cap/CapHome.aspx?module=Building&TabName=Building,2026-09-27T01:07:07Z,2026-09-27T13:03:24Z
anaheim:BLD2026-01489,anaheim-accela,BLD2026-01489,,04/02/2026,Building Permit,Finaled,"1150 W MAGIC WAY, C, ANAHEIM CA 92802","DLH - Frontier Tower - Tenant Improvement: 1,461 sq ft remodel to rooms #2168, 2169, 2171 and adjacent corridor. With mechanical, electrical and plumbing.",04/09/2027,https://aca-prod.accela.com/ANAHEIM/Cap/CapHome.aspx?module=Building&TabName=Building,2026-09-27T01:07:07Z,2026-09-27T13:03:24Z
anaheim:BLD2026-01489-REV01,anaheim-accela,BLD2026-01489-REV01,BLD2026-01489,09/15/2026,Plan Revision,Closed,"1150 W MAGIC WAY, C, ANAHEIM CA 92802","DLH - Frontier Tower - Tenant Improvement: 1,461 sq ft remodel to rooms #2168, 2169, 2171 and adjacent corridor. With mechanical, electrical and plumbing.",,https://aca-prod.accela.com/ANAHEIM/Cap/CapHome.aspx?module=Building&TabName=Building,2026-09-27T01:07:07Z,2026-09-27T13:03:24Z
anaheim:BLD2026-01490,anaheim-accela,BLD2026-01490,,04/02/2026,Building Permit,Issued,"1313 S HARBOR BLVD, 5307, ANAHEIM CA 92802",DLR - Golden Horseshoe - Electrical: Provide power to CO2 monitoring equipment.,04/10/2027,https://aca-prod.accela.com/ANAHEIM/Cap/CapHome.aspx?module=Building&TabName=Building,2026-09-27T01:07:07Z,2026-09-27T13:03:24Z
anaheim:BLD2026-01490-REV01,anaheim-accela,BLD2026-01490-REV01,BLD2026-01490,08/27/2026,Plan Revision,Closed,"1313 S HARBOR BLVD, 5307, ANAHEIM CA 92802",DLR - Golden Horseshoe - Electrical: Provide power to CO2 monitoring equipment.,,https://aca-prod.accela.com/ANAHEIM/Cap/CapHome.aspx?module=Building&TabName=Building,2026-09-27T01:07:07Z,2026-09-27T13:03:24Z
anaheim:BLD2026-01536,anaheim-accela,BLD2026-01536,,04/07/2026,Building Permit,Finaled,"1515 S HARBOR BLVD, 752, ANAHEIM CA 92802",DCA - Hyperion Theater - Make a Wish - Miscellaneous: Install (3) light truss towers and a stage platform. (Install 4-23-26 thru 4-29-26),04/28/2027,https://aca-prod.accela.com/ANAHEIM/Cap/CapHome.aspx?module=Building&TabName=Building,2026-09-27T01:07:07Z,2026-09-27T13:03:24Z
anaheim:BLD2026-01555,anaheim-accela,BLD2026-01555,,04/08/2026,Building Permit,Issued,"1616 S DISNEYLAND DR, 517, ANAHEIM CA 92802","DCA - Paradise Garden - Tenant Improvement: Relocate chiller, information kiosks and point of service carts with new underground electrical and plumbing.",09/10/2027,https://aca-prod.accela.com/ANAHEIM/Cap/CapHome.aspx?module=Building&TabName=Building,2026-09-27T01:07:07Z,2026-09-27T13:03:24Z
anaheim:BLD2026-01561,anaheim-accela,BLD2026-01561,,04/08/2026,Building Permit,Finaled,"1515 S HARBOR BLVD, 313, ANAHEIM CA 92802",DCA - Guardians of the Galaxy - Tenant Improvement: Replace hydronic fou-pipe fan coil unit and structural anchorage. With mechanical and electrical.,04/21/2027,https://aca-prod.accela.com/ANAHEIM/Cap/CapHome.aspx?module=Building&TabName=Building,2026-09-27T01:07:07Z,2026-09-27T13:03:24Z
anaheim:BLD2026-01561-REV01,anaheim-accela,BLD2026-01561-REV01,BLD2026-01561,08/26/2026,Plan Revision,Closed,"1515 S HARBOR BLVD, 313, ANAHEIM CA 92802",DCA - Guardians of the Galaxy - Tenant Improvement: Replace hydronic fou-pipe fan coil unit and structural anchorage. With mechanical and electrical.,,https://aca-prod.accela.com/ANAHEIM/Cap/CapHome.aspx?module=Building&TabName=Building,2026-09-27T01:07:07Z,2026-09-27T13:03:24Z
anaheim:BLD2026-01569,anaheim-accela,BLD2026-01569,,04/09/2026,Building Permit,Issued,"1570 S DISNEYLAND DR, 102, ANAHEIM CA 92802","DTD - Building H/Suite 102 - Tenant Improvement: 1,200 sq ft remodel of existing beverage/food unit for new tenant. With mechanical, electrical and plumbing.",08/26/2027,https://aca-prod.accela.com/ANAHEIM/Cap/CapHome.aspx?module=Building&TabName=Building,2026-09-27T01:07:07Z,2026-09-27T13:03:24Z
anaheim:BLD2026-01692,anaheim-accela,BLD2026-01692,,04/15/2026,Building Permit,Finaled,"1616 S DISNEYLAND DR, 514, ANAHEIM CA 92802","DCA - Silly Symphony Swings - Tenant Improvement: Infill (3) roof hatches, remove ladders and modify fall protection. Electrical to replace DAN cabinet, PA system and install light and GFCI for elevator.",05/01/2027,https://aca-prod.accela.com/ANAHEIM/Cap/CapHome.aspx?module=Building&TabName=Building,2026-09-27T01:07:07Z,2026-09-27T13:03:24Z
anaheim:BLD2026-01692-REV01,anaheim-accela,BLD2026-01692-REV01,BLD2026-01692,05/27/2026,Plan Revision,Closed,"1616 S DISNEYLAND DR, 514, ANAHEIM CA 92802","DCA - Silly Symphony Swings - Tenant Improvement: Infill (3) roof hatches, remove ladders and modify fall protection. Electrical to replace DAN cabinet, PA system and install light and GFCI for elevator.",,https://aca-prod.accela.com/ANAHEIM/Cap/CapHome.aspx?module=Building&TabName=Building,2026-09-27T01:07:07Z,2026-09-27T13:03:24Z
anaheim:BLD2026-01692-REV02,anaheim-accela,BLD2026-01692-REV02,BLD2026-01692,06/30/2026,Plan Revision,Closed,"1616 S DISNEYLAND DR, 514, ANAHEIM CA 92802","DCA - Silly Symphony Swings - Tenant Improvement: Infill (3) roof hatches, remove ladders and modify fall protection. Electrical to replace DAN cabinet, PA system and install light and GFCI for elevator.",,https://aca-prod.accela.com/ANAHEIM/Cap/CapHome.aspx?module=Building&TabName=Building,2026-09-27T01:07:07Z,2026-09-27T13:03:24Z
anaheim:BLD2026-01692-REV03,anaheim-accela,BLD2026-01692-REV03,BLD2026-01692,07/22/2026,Plan Revision,Closed,"1616 S DISNEYLAND DR, 514, ANAHEIM CA 92802","DCA - Silly Symphony Swings - Tenant Improvement: Infill (3) roof hatches, remove ladders and modify fall protection. Electrical to replace DAN cabinet, PA system and install light and GFCI for elevator.",,https://aca-prod.accela.com/ANAHEIM/Cap/CapHome.aspx?module=Building&TabName=Building,2026-09-27T01:07:07Z,2026-09-27T13:03:24Z
anaheim:BLD2026-01692-REV04,anaheim-accela,BLD2026-01692-REV04,BLD2026-01692,08/04/2026,Plan Revision,Closed,"1616 S DISNEYLAND DR, 514, ANAHEIM CA 92802","DCA - Silly Symphony Swings - Tenant Improvement: Infill (3) roof hatches, remove ladders and modify fall protection. Electrical to replace DAN cabinet, PA system and install light and GFCI for elevator.",,https://aca-prod.accela.com/ANAHEIM/Cap/CapHome.aspx?module=Building&TabName=Building,2026-09-27T01:07:07Z,2026-09-27T13:03:24Z
anaheim:BLD2026-01692-REV05,anaheim-accela,BLD2026-01692-REV05,BLD2026-01692,08/25/2026,Plan Revision,Closed,"1616 S DISNEYLAND DR, 514, ANAHEIM CA 92802","DCA - Silly Symphony Swings - Tenant Improvement: Infill (3) roof hatches, remove ladders and modify fall protection. Electrical to replace DAN cabinet, PA system and install light and GFCI for elevator.",,https://aca-prod.accela.com/ANAHEIM/Cap/CapHome.aspx?module=Building&TabName=Building,2026-09-27T01:07:07Z,2026-09-27T13:03:24Z
anaheim:BLD2026-01848,anaheim-accela,BLD2026-01848,,04/23/2026,Building Permit,Issued,"1505 S DISNEYLAND DR, ANAHEIM CA 92802",DTD - Pin Traders - Electrical: Existing panel GG-1A to pull interim power from L300-MR1. (BLD2026-01461),05/05/2027,https://aca-prod.accela.com/ANAHEIM/Cap/CapHome.aspx?module=Building&TabName=Building,2026-09-27T01:07:07Z,2026-09-27T13:03:24Z
anaheim:BLD2026-01858,anaheim-accela,BLD2026-01858,,04/23/2026,Building Permit,Plan Review,"1515 S HARBOR BLVD, ANAHEIM CA 92802",DLR - CONF,04/28/2027,https://aca-prod.accela.com/ANAHEIM/Cap/CapHome.aspx?module=Building&TabName=Building,2026-09-27T01:07:07Z,2026-09-27T13:03:24Z
anaheim:BLD2026-01882,anaheim-accela,BLD2026-01882,,04/24/2026,Building Permit,Issued,"1313 S HARBOR BLVD, 6201, ANAHEIM CA 92802","DLR - Trolley Barn - Change of Use: 1,500 sq ft conversion of existing storage/maintenance space to photo-op. 76 sq ft canopy over exterior equipment anchored to new pad. With mechanical and electrical.",06/02/2027,https://aca-prod.accela.com/ANAHEIM/Cap/CapHome.aspx?module=Building&TabName=Building,2026-09-27T01:07:07Z,2026-09-27T13:03:24Z
anaheim:BLD2026-01882-REV01,anaheim-accela,BLD2026-01882-REV01,BLD2026-01882,08/03/2026,Plan Revision,Closed,"1313 S HARBOR BLVD, 6201, ANAHEIM CA 92802","DLR - Trolley Barn - Change of Use: 1,500 sq ft conversion of existing storage/maintenance space to photo-op. 76 sq ft canopy over exterior equipment anchored to new pad. With mechanical and electrical.",,https://aca-prod.accela.com/ANAHEIM/Cap/CapHome.aspx?module=Building&TabName=Building,2026-09-27T01:07:07Z,2026-09-27T13:03:24Z
anaheim:BLD2026-01883,anaheim-accela,BLD2026-01883,,04/24/2026,Building Permit,Issued,"1150 W MAGIC WAY, ANAHEIM CA 92802",DLH - Convention Center - Tenant Improvement: Replace evaporators and condensing units for existing walk-in freezer and (3) walk -in coolers. With mechanical and electrical.,05/01/2027,https://aca-prod.accela.com/ANAHEIM/Cap/CapHome.aspx?module=Building&TabName=Building,2026-09-27T01:07:07Z,2026-09-27T13:03:24Z
anaheim:BLD2026-01906,anaheim-accela,BLD2026-01906,,04/27/2026,Building Permit,Finaled,"1313 S HARBOR BLVD, 8107, ANAHEIM CA 92802",DLR - Buzz Lightyear's Store Command - Tenant Improvement: Install structural supports at two walls to anchor new wall bays. Abandon (2) outlets.,05/01/2027,https://aca-prod.accela.com/ANAHEIM/Cap/CapHome.aspx?module=Building&TabName=Building,2026-09-27T01:07:07Z,2026-09-27T13:03:24Z
anaheim:BLD2026-01906-REV01,anaheim-accela,BLD2026-01906-REV01,BLD2026-01906,05/12/2026,Plan Revision,Closed,"1313 S HARBOR BLVD, 8107, ANAHEIM CA 92802",DLR - Buzz Lightyear's Store Command - Tenant Improvement: Install structural supports at two walls to anchor new wall bays. Abandon (2) outlets.,,https://aca-prod.accela.com/ANAHEIM/Cap/CapHome.aspx?module=Building&TabName=Building,2026-09-27T01:07:07Z,2026-09-27T13:03:24Z
anaheim:BLD2026-01942,anaheim-accela,BLD2026-01942,,04/29/2026,Building Permit,Finaled,"1313 S HARBOR BLVD, 8401, ANAHEIM CA 92802","DLR - Tomorrowland Theatre/BLDG #8401 - Electrical: Replace emitter circuits, conduit and wiring.",05/08/2027,https://aca-prod.accela.com/ANAHEIM/Cap/CapHome.aspx?module=Building&TabName=Building,2026-09-27T01:07:07Z,2026-09-27T13:03:24Z
anaheim:BLD2026-01981,anaheim-accela,BLD2026-01981,,05/01/2026,Building Permit,Issued,"1313 S HARBOR BLVD, 1300, ANAHEIM CA 92802","DLR - Main Street/Block 600 - Tenant Improvement: Replace and retrofit fall protection railing, roof access stair and landing. With electrical.",06/25/2027,https://aca-prod.accela.com/ANAHEIM/Cap/CapHome.aspx?module=Building&TabName=Building,2026-09-27T01:07:07Z,2026-09-27T13:03:24Z
anaheim:BLD2026-02100,anaheim-accela,BLD2026-02100,,05/08/2026,Building Permit,Finaled,"1313 S HARBOR BLVD, 1400, ANAHEIM CA 92802",DLR - Block 300/Crystal Arcade - Electrical: Replace fluorescent fixtures with new LED lights.,05/19/2027,https://aca-prod.accela.com/ANAHEIM/Cap/CapHome.aspx?module=Building&TabName=Building,2026-09-27T01:07:07Z,2026-09-27T13:03:24Z
anaheim:BLD2026-02101,anaheim-accela,BLD2026-02101,,05/08/2026,Building Permit,Issued,"250 W KATELLA AVE, ANAHEIM CA 92802",DLR - Katella Cast Parking Lot - Miscellaneous: Install (3) gate arms and (3) card readers. Restripe parking lot for accessibility stalls. With electrical. REF BLD2026-02102,07/08/2027,https://aca-prod.accela.com/ANAHEIM/Cap/CapHome.aspx?module=Building&TabName=Building,2026-09-27T01:07:07Z,2026-09-27T13:03:24Z
anaheim:BLD2026-02101-REV01,anaheim-accela,BLD2026-02101-REV01,BLD2026-02101,08/11/2026,Plan Revision,Closed,"250 W KATELLA AVE, ANAHEIM CA 92802",DLR - Katella Cast Parking Lot - Miscellaneous: Install (3) gate arms and (3) card readers. Restripe parking lot for accessibility stalls. With electrical. REF BLD2026-02102,,https://aca-prod.accela.com/ANAHEIM/Cap/CapHome.aspx?module=Building&TabName=Building,2026-09-27T01:07:07Z,2026-09-27T13:03:24Z
anaheim:BLD2026-02101-REV02,anaheim-accela,BLD2026-02101-REV02,BLD2026-02101,08/20/2026,Plan Revision,Closed,"250 W KATELLA AVE, ANAHEIM CA 92802",DLR - Katella Cast Parking Lot - Miscellaneous: Install (3) gate arms and (3) card readers. Restripe parking lot for accessibility stalls. With electrical. REF BLD2026-02102,,https://aca-prod.accela.com/ANAHEIM/Cap/CapHome.aspx?module=Building&TabName=Building,2026-09-27T01:07:07Z,2026-09-27T13:03:24Z
anaheim:BLD2026-02101-REV03,anaheim-accela,BLD2026-02101-REV03,BLD2026-02101,09/02/2026,Plan Revision,Closed,"250 W KATELLA AVE, ANAHEIM CA 92802",DLR - Katella Cast Parking Lot - Miscellaneous: Install (3) gate arms and (3) card readers. Restripe parking lot for accessibility stalls. With electrical. REF BLD2026-02102,,https://aca-prod.accela.com/ANAHEIM/Cap/CapHome.aspx?module=Building&TabName=Building,2026-09-27T01:07:07Z,2026-09-27T13:03:24Z
anaheim:BLD2026-02102,anaheim-accela,BLD2026-02102,,05/08/2026,Building Permit,Issued,"350 W KATELLA AVE, ANAHEIM CA 92802",DLR - Katella Cast Parking Lot - Miscellaneous: Install (3) gate arms and (3) card readers. Restripe parking lot for accessibility stalls. With electrical. REF BLD2026-02101,07/08/2027,https://aca-prod.accela.com/ANAHEIM/Cap/CapHome.aspx?module=Building&TabName=Building,2026-09-27T01:07:07Z,2026-09-27T13:03:24Z
anaheim:BLD2026-02102-REV01,anaheim-accela,BLD2026-02102-REV01,BLD2026-02102,08/11/2026,Plan Revision,Closed,"350 W KATELLA AVE, ANAHEIM CA 92802",DLR - Katella Cast Parking Lot - Miscellaneous: Install (3) gate arms and (3) card readers. Restripe parking lot for accessibility stalls. With electrical. REF BLD2026-02101,,https://aca-prod.accela.com/ANAHEIM/Cap/CapHome.aspx?module=Building&TabName=Building,2026-09-27T01:07:07Z,2026-09-27T13:03:24Z
anaheim:BLD2026-02102-REV02,anaheim-accela,BLD2026-02102-REV02,BLD2026-02102,08/20/2026,Plan Revision,Closed,"350 W KATELLA AVE, ANAHEIM CA 92802",DLR - Katella Cast Parking Lot - Miscellaneous: Install (3) gate arms and (3) card readers. Restripe parking lot for accessibility stalls. With electrical. REF BLD2026-02101,,https://aca-prod.accela.com/ANAHEIM/Cap/CapHome.aspx?module=Building&TabName=Building,2026-09-27T01:07:07Z,2026-09-27T13:03:24Z
anaheim:BLD2026-02102-REV03,anaheim-accela,BLD2026-02102-REV03,BLD2026-02102,09/02/2026,Plan Revision,Closed,"350 W KATELLA AVE, ANAHEIM CA 92802",DLR - Katella Cast Parking Lot - Miscellaneous: Install (3) gate arms and (3) card readers. Restripe parking lot for accessibility stalls. With electrical. REF BLD2026-02101,,https://aca-prod.accela.com/ANAHEIM/Cap/CapHome.aspx?module=Building&TabName=Building,2026-09-27T01:07:07Z,2026-09-27T13:03:24Z
anaheim:BLD2026-02111,anaheim-accela,BLD2026-02111,,05/08/2026,Building Permit,Issued,"1515 S HARBOR BLVD, 205, ANAHEIM CA 92802",DCA - Carthay Circle - Tenant Improvement: Install roof mounted unistrut racks to support new lighting fixtures.,05/15/2027,https://aca-prod.accela.com/ANAHEIM/Cap/CapHome.aspx?module=Building&TabName=Building,2026-09-27T01:07:07Z,2026-09-27T13:03:24Z
anaheim:BLD2026-02115,anaheim-accela,BLD2026-02115,,05/08/2026,Building Permit,Issued,"1313 S HARBOR BLVD, 10010, ANAHEIM CA 92802",DLR - Docking Bay 7 - Trade: Plumbing to connect mat wash to rain diversion system. With electrical.,06/10/2027,https://aca-prod.accela.com/ANAHEIM/Cap/CapHome.aspx?module=Building&TabName=Building,2026-09-27T01:07:07Z,2026-09-27T13:03:24Z
anaheim:BLD2026-02151,anaheim-accela,BLD2026-02151,,05/11/2026,Building Permit,Issued,"1616 S DISNEYLAND DR, 501, ANAHEIM CA 92802",DCA - Lamplight Lounge - Tenant Improvement: Install new rain diversion system. Supporting sewer and drain lines to be modified. With electrical.,07/02/2027,https://aca-prod.accela.com/ANAHEIM/Cap/CapHome.aspx?module=Building&TabName=Building,2026-09-27T01:07:07Z,2026-09-27T13:03:24Z
anaheim:BLD2026-02151-REV01,anaheim-accela,BLD2026-02151-REV01,BLD2026-02151,09/04/2026,Plan Revision,Closed,"1616 S DISNEYLAND DR, 501, ANAHEIM CA 92802",DCA - Lamplight Lounge - Tenant Improvement: Install new rain diversion system. Supporting sewer and drain lines to be modified. With electrical.,,https://aca-prod.accela.com/ANAHEIM/Cap/CapHome.aspx?module=Building&TabName=Building,2026-09-27T01:07:07Z,2026-09-27T13:03:24Z
anaheim:BLD2026-02208,anaheim-accela,BLD2026-02208,,05/12/2026,Building Permit,Issued,"1150 W MAGIC WAY, ANAHEIM CA 92802","DLH - The Coffee House - Tenant Improvement: Modify window opening, interior counter and new exterior counter.",07/16/2027,https://aca-prod.accela.com/ANAHEIM/Cap/CapHome.aspx?module=Building&TabName=Building,2026-09-27T01:07:07Z,2026-09-27T13:03:24Z
anaheim:BLD2026-02214,anaheim-accela,BLD2026-02214,,05/13/2026,Building Permit,Issued,"1600 S DISNEYLAND DR, ANAHEIM CA 92802","GCH - Ground Level - Tenant Improvement: Install new new heat exchangers and water softener in existing mechanical room. Equipment anchored to new concrete pad. With mechanical, electrical and plumbing. (BLD2026-02496)",06/10/2027,https://aca-prod.accela.com/ANAHEIM/Cap/CapHome.aspx?module=Building&TabName=Building,2026-09-27T01:07:07Z,2026-09-27T13:03:24Z
anaheim:BLD2026-02214-REV01,anaheim-accela,BLD2026-02214-REV01,BLD2026-02214,07/14/2026,Plan Revision,Closed,"1600 S DISNEYLAND DR, ANAHEIM CA 92802","GCH - Ground Level - Tenant Improvement: Install new new heat exchangers and water softener in existing mechanical room. Equipment anchored to new concrete pad. With mechanical, electrical and plumbing. (BLD2026-02496)",,https://aca-prod.accela.com/ANAHEIM/Cap/CapHome.aspx?module=Building&TabName=Building,2026-09-27T01:07:07Z,2026-09-27T13:03:24Z
anaheim:BLD2026-02243,anaheim-accela,BLD2026-02243,,05/13/2026,Building Permit,Finaled,"1313 S HARBOR BLVD, 7107, ANAHEIM CA 92802",DLR - Snow White - Electrical: Replace emitter with new power connection.,05/27/2027,https://aca-prod.accela.com/ANAHEIM/Cap/CapHome.aspx?module=Building&TabName=Building,2026-09-27T01:07:07Z,2026-09-27T13:03:24Z
anaheim:BLD2026-02263,anaheim-accela,BLD2026-02263,,05/15/2026,Building Permit,Issued,"777 W KATELLA AVE, 420, ANAHEIM CA 92802","DCA - Wine Country Trattoria - Tenant Improvement: Replace portion of T-bar ceiling to accommodate replacement of dish machine anchored to existing slab. With mechanical, electrical and plumbing.",05/22/2027,https://aca-prod.accela.com/ANAHEIM/Cap/CapHome.aspx?module=Building&TabName=Building,2026-09-27T01:07:07Z,2026-09-27T13:03:24Z
anaheim:BLD2026-02268,anaheim-accela,BLD2026-02268,,05/15/2026,Building Permit,Finaled,"745 W KATELLA AVE, 806, ANAHEIM CA 92802","DCA - Flo's V8 Cafe - Tenant Improvement: Relocate and install new dishwasher anchored to existing slab. With mechanical, electrical and plumbing.",06/29/2027,https://aca-prod.accela.com/ANAHEIM/Cap/CapHome.aspx?module=Building&TabName=Building,2026-09-27T01:07:07Z,2026-09-27T13:03:24Z
anaheim:BLD2026-02268-REV01,anaheim-accela,BLD2026-02268-REV01,BLD2026-02268,09/10/2026,Plan Revision,Closed,"745 W KATELLA AVE, 806, ANAHEIM CA 92802","DCA - Flo's V8 Cafe - Tenant Improvement: Relocate and install new dishwasher anchored to existing slab. With mechanical, electrical and plumbing.",,https://aca-prod.accela.com/ANAHEIM/Cap/CapHome.aspx?module=Building&TabName=Building,2026-09-27T01:07:07Z,2026-09-27T13:03:24Z
anaheim:BLD2026-02296,anaheim-accela,BLD2026-02296,,05/18/2026,Building Permit,Issued,"1313 S HARBOR BLVD, 1400, ANAHEIM CA 92802",DLR - Block 300 - Tenant Improvement: Demo rooftop decorative wall. Construct new rooftop screen wall for new hatch and railing at North side. Replace (3) wood ladders at attic with steel. Modify door at South side.,06/05/2027,https://aca-prod.accela.com/ANAHEIM/Cap/CapHome.aspx?module=Building&TabName=Building,2026-09-27T01:07:07Z,2026-09-27T13:03:24Z
anaheim:BLD2026-02297,anaheim-accela,BLD2026-02297,,05/18/2026,Building Permit,Issued,"1313 S HARBOR BLVD, 1200, ANAHEIM CA 92802",DLR - Block 400 - Tenant Improvement: Replace (2) wood ladders with steel and enlarge openings at North and East side. Install steel guardrail and gate. New door opening at South side.,05/26/2027,https://aca-prod.accela.com/ANAHEIM/Cap/CapHome.aspx?module=Building&TabName=Building,2026-09-27T01:07:07Z,2026-09-27T13:03:24Z
anaheim:BLD2026-02298,anaheim-accela,BLD2026-02298,,05/18/2026,Building Permit,Issued,"1313 S HARBOR BLVD, 6901, ANAHEIM CA 92802","DLR - Gadget Coaster - Tenant Improvement: Install new pre-filter, air dryer and post filter to service break and maintenance areas. Equipment to be anchored to new pads. With electrical and plumbing.",06/22/2027,https://aca-prod.accela.com/ANAHEIM/Cap/CapHome.aspx?module=Building&TabName=Building,2026-09-27T01:07:07Z,2026-09-27T13:03:24Z
anaheim:BLD2026-02299,anaheim-accela,BLD2026-02299,,05/18/2026,Building Permit,Finaled,"1313 S HARBOR BLVD, 5200, ANAHEIM CA 92802","DLR - Shootin' Exposition - Tenant Improvement: Replace show lighting with new LED fixtures, conduit and dimmer rack. Equipment to be anchored to existing concrete. Replace speakers and controllers.",06/10/2027,https://aca-prod.accela.com/ANAHEIM/Cap/CapHome.aspx?module=Building&TabName=Building,2026-09-27T01:07:07Z,2026-09-27T13:03:24Z
anaheim:BLD2026-02299-REV01,anaheim-accela,BLD2026-02299-REV01,BLD2026-02299,07/13/2026,Plan Revision,Closed,"1313 S HARBOR BLVD, 5200, ANAHEIM CA 92802","DLR - Shootin' Exposition - Tenant Improvement: Replace show lighting with new LED fixtures, conduit and dimmer rack. Equipment to be anchored to existing concrete. Replace speakers and controllers.",,https://aca-prod.accela.com/ANAHEIM/Cap/CapHome.aspx?module=Building&TabName=Building,2026-09-27T01:07:07Z,2026-09-27T13:03:24Z
anaheim:BLD2026-02299-REV02,anaheim-accela,BLD2026-02299-REV02,BLD2026-02299,07/23/2026,Plan Revision,Closed,"1313 S HARBOR BLVD, 5200, ANAHEIM CA 92802","DLR - Shootin' Exposition - Tenant Improvement: Replace show lighting with new LED fixtures, conduit and dimmer rack. Equipment to be anchored to existing concrete. Replace speakers and controllers.",,https://aca-prod.accela.com/ANAHEIM/Cap/CapHome.aspx?module=Building&TabName=Building,2026-09-27T01:07:07Z,2026-09-27T13:03:24Z
anaheim:BLD2026-02299-REV03,anaheim-accela,BLD2026-02299-REV03,BLD2026-02299,08/20/2026,Plan Revision,Closed,"1313 S HARBOR BLVD, 5200, ANAHEIM CA 92802","DLR - Shootin' Exposition - Tenant Improvement: Replace show lighting with new LED fixtures, conduit and dimmer rack. Equipment to be anchored to existing concrete. Replace speakers and controllers.",,https://aca-prod.accela.com/ANAHEIM/Cap/CapHome.aspx?module=Building&TabName=Building,2026-09-27T01:07:07Z,2026-09-27T13:03:24Z
anaheim:BLD2026-02301,anaheim-accela,BLD2026-02301,,05/18/2026,Building Permit,Issued,"777 W KATELLA AVE, 431, ANAHEIM CA 92802",DCA - Grizzly Peak - Tenant Improvement: Remove (2) roof top condensers and install (1) new ground mounted unit anchored to existing pad. Remove (3) fan coil units and install (2) new suspended units with new ducting. With mechanical and electrical.,06/10/2027,https://aca-prod.accela.com/ANAHEIM/Cap/CapHome.aspx?module=Building&TabName=Building,2026-09-27T01:07:07Z,2026-09-27T13:03:24Z
anaheim:BLD2026-02301-REV01,anaheim-accela,BLD2026-02301-REV01,BLD2026-02301,08/17/2026,Plan Revision,Closed,"777 W KATELLA AVE, 431, ANAHEIM CA 92802",DCA - Grizzly Peak - Tenant Improvement: Remove (2) roof top condensers and install (1) new ground mounted unit anchored to existing pad. Remove (3) fan coil units and install (2) new suspended units with new ducting. With mechanical and electrical.,,https://aca-prod.accela.com/ANAHEIM/Cap/CapHome.aspx?module=Building&TabName=Building,2026-09-27T01:07:07Z,2026-09-27T13:03:24Z
anaheim:BLD2026-02303,anaheim-accela,BLD2026-02303,,05/18/2026,Building Permit,Issued,"1313 S HARBOR BLVD, 9115, ANAHEIM CA 92802",DLR - Grand Canyon Diorama - Tenant Improvement: Replace show lighting with LED fixtures. New controls and equipment to be anchored to existing pad.,07/02/2027,https://aca-prod.accela.com/ANAHEIM/Cap/CapHome.aspx?module=Building&TabName=Building,2026-09-27T01:07:07Z,2026-09-27T13:03:24Z
anaheim:BLD2026-02303-REV01,anaheim-accela,BLD2026-02303-REV01,BLD2026-02303,07/16/2026,Plan Revision,Closed,"1313 S HARBOR BLVD, 9115, ANAHEIM CA 92802",DLR - Grand Canyon Diorama - Tenant Improvement: Replace show lighting with LED fixtures. New controls and equipment to be anchored to existing pad.,,https://aca-prod.accela.com/ANAHEIM/Cap/CapHome.aspx?module=Building&TabName=Building,2026-09-27T01:07:07Z,2026-09-27T13:03:24Z
anaheim:BLD2026-02303-REV02,anaheim-accela,BLD2026-02303-REV02,BLD2026-02303,08/17/2026,Plan Revision,Closed,"1313 S HARBOR BLVD, 9115, ANAHEIM CA 92802",DLR - Grand Canyon Diorama - Tenant Improvement: Replace show lighting with LED fixtures. New controls and equipment to be anchored to existing pad.,,https://aca-prod.accela.com/ANAHEIM/Cap/CapHome.aspx?module=Building&TabName=Building,2026-09-27T01:07:07Z,2026-09-27T13:03:24Z
anaheim:BLD2026-02304,anaheim-accela,BLD2026-02304,,05/18/2026,Building Permit,Issued,"1313 S HARBOR BLVD, 9098, ANAHEIM CA 92802",DLR - Primeval World Diorama - Tenant Improvement: New rockwork and fall protection. Replace show lighting throughout.,07/02/2027,https://aca-prod.accela.com/ANAHEIM/Cap/CapHome.aspx?module=Building&TabName=Building,2026-09-27T01:07:07Z,2026-09-27T13:03:24Z
anaheim:BLD2026-02304-REV01,anaheim-accela,BLD2026-02304-REV01,BLD2026-02304,07/20/2026,Plan Revision,Closed,"1313 S HARBOR BLVD, 9098, ANAHEIM CA 92802",DLR - Primeval World Diorama - Tenant Improvement: New rockwork and fall protection. Replace show lighting throughout.,,https://aca-prod.accela.com/ANAHEIM/Cap/CapHome.aspx?module=Building&TabName=Building,2026-09-27T01:07:07Z,2026-09-27T13:03:24Z
anaheim:BLD2026-02304-REV02,anaheim-accela,BLD2026-02304-REV02,BLD2026-02304,08/06/2026,Plan Revision,Closed,"1313 S HARBOR BLVD, 9098, ANAHEIM CA 92802",DLR - Primeval World Diorama - Tenant Improvement: New rockwork and fall protection. Replace show lighting throughout.,,https://aca-prod.accela.com/ANAHEIM/Cap/CapHome.aspx?module=Building&TabName=Building,2026-09-27T01:07:07Z,2026-09-27T13:03:24Z
anaheim:BLD2026-02336,anaheim-accela,BLD2026-02336,,05/19/2026,Building Permit,Issued,"1600 S DISNEYLAND DR, ANAHEIM CA 92802",GCH - Area Development - Electrical: Replace fluorescent bollard light fixtures with LED. Replace lighting controls.,06/25/2027,https://aca-prod.accela.com/ANAHEIM/Cap/CapHome.aspx?module=Building&TabName=Building,2026-09-27T01:07:07Z,2026-09-27T13:03:24Z
anaheim:BLD2026-02336-REV01,anaheim-accela,BLD2026-02336-REV01,BLD2026-02336,08/13/2026,Plan Revision,Closed,"1600 S DISNEYLAND DR, ANAHEIM CA 92802",GCH - Area Development - Electrical: Replace fluorescent bollard light fixtures with LED. Replace lighting controls.,,https://aca-prod.accela.com/ANAHEIM/Cap/CapHome.aspx?module=Building&TabName=Building,2026-09-27T01:07:07Z,2026-09-27T13:03:24Z
anaheim:BLD2026-02372,anaheim-accela,BLD2026-02372,,05/22/2026,Building Permit,Finaled,"1313 S HARBOR BLVD, 9053, ANAHEIM CA 92802",DLR - North Service Area/BLDG #9053 - Storage Racks: 60 ln ft x 10 ft max height.,06/05/2027,https://aca-prod.accela.com/ANAHEIM/Cap/CapHome.aspx?module=Building&TabName=Building,2026-09-27T01:07:07Z,2026-09-27T13:03:24Z
anaheim:BLD2026-02427,anaheim-accela,BLD2026-02427,,05/27/2026,Building Permit,Issued,"1616 S DISNEYLAND DR, 504, ANAHEIM CA 92802",DCA - Toy Story Mania - Tenant Improvement: Remove portion of wall and install new 8 ft. high gate.,06/30/2027,https://aca-prod.accela.com/ANAHEIM/Cap/CapHome.aspx?module=Building&TabName=Building,2026-09-27T01:07:07Z,2026-09-27T13:03:24Z
anaheim:BLD2026-02429,anaheim-accela,BLD2026-02429,,05/27/2026,Building Permit,Finaled,"1600 S DISNEYLAND DR, ANAHEIM CA 92802","GCH - Banquet Kitchen - Tenant Improvement: Install new dishwasher anchored to existing concrete. With mechanical, electrical and plumbing.",07/16/2027,https://aca-prod.accela.com/ANAHEIM/Cap/CapHome.aspx?module=Building&TabName=Building,2026-09-27T01:07:07Z,2026-09-27T13:03:24Z
anaheim:BLD2026-02429-REV01,anaheim-accela,BLD2026-02429-REV01,BLD2026-02429,08/17/2026,Plan Revision,Closed,"1600 S DISNEYLAND DR, ANAHEIM CA 92802","GCH - Banquet Kitchen - Tenant Improvement: Install new dishwasher anchored to existing concrete. With mechanical, electrical and plumbing.",,https://aca-prod.accela.com/ANAHEIM/Cap/CapHome.aspx?module=Building&TabName=Building,2026-09-27T01:07:07Z,2026-09-27T13:03:24Z
anaheim:BLD2026-02454,anaheim-accela,BLD2026-02454,,05/28/2026,Building Permit,Finaled,"1313 S HARBOR BLVD, 3101, ANAHEIM CA 92802",DLR - Pirates of the Caribbean - Electrical: Provide dedicated circuit from existing emergency panel to FACP.,06/09/2027,https://aca-prod.accela.com/ANAHEIM/Cap/CapHome.aspx?module=Building&TabName=Building,2026-09-27T01:07:07Z,2026-09-27T13:03:24Z
anaheim:BLD2026-02496,anaheim-accela,BLD2026-02496,,06/01/2026,Building Permit,Issued,"1600 S DISNEYLAND DR, ANAHEIM CA 92802","GCH - Ground Level - Tenant Improvement: Install (2) interim heat exchangers outside of the building anchored to existing concrete. Install 71 ln ft x 8 ft tall screen wall. With mechanical, electrical and plumbing. (BLD2026-02214)",06/24/2027,https://aca-prod.accela.com/ANAHEIM/Cap/CapHome.aspx?module=Building&TabName=Building,2026-09-27T01:07:07Z,2026-09-27T13:03:24Z
anaheim:BLD2026-02496-REV01,anaheim-accela,BLD2026-02496-REV01,BLD2026-02496,08/18/2026,Plan Revision,Closed,"1600 S DISNEYLAND DR, ANAHEIM CA 92802","GCH - Ground Level - Tenant Improvement: Install (3) interim heat exchangers outside of the building anchored to existing concrete. Install 71 ln ft x 8 ft tall screen wall. With mechanical, electrical and plumbing. (BLD2026-02214)",,https://aca-prod.accela.com/ANAHEIM/Cap/CapHome.aspx?module=Building&TabName=Building,2026-09-27T01:07:07Z,2026-09-27T13:03:24Z
anaheim:BLD2026-02496-REV02,anaheim-accela,BLD2026-02496-REV02,BLD2026-02496,09/10/2026,Plan Revision,Closed,"1600 S DISNEYLAND DR, ANAHEIM CA 92802","GCH - Ground Level - Tenant Improvement: Install (2) interim heat exchangers outside of the building anchored to existing concrete. Install 71 ln ft x 8 ft tall screen wall. With mechanical, electrical and plumbing. (BLD2026-02214)",,https://aca-prod.accela.com/ANAHEIM/Cap/CapHome.aspx?module=Building&TabName=Building,2026-09-27T01:07:07Z,2026-09-27T13:03:24Z
anaheim:BLD2026-02516,anaheim-accela,BLD2026-02516,,06/02/2026,Building Permit,Plan Review,"1515 S HARBOR BLVD, ANAHEIM CA 92802",DLR - CONF,06/02/2027,https://aca-prod.accela.com/ANAHEIM/Cap/CapHome.aspx?module=Building&TabName=Building,2026-09-27T01:07:07Z,2026-09-27T13:03:24Z
anaheim:BLD2026-02519,anaheim-accela,BLD2026-02519,,06/02/2026,Building Permit,Issued,"1150 W MAGIC WAY, C, ANAHEIM CA 92802","DLH - Frontier Tower - Tenant Improvement: Install (1) new sheet feeder and all related monitoring devices. With mechanical, electrical and plumbing.",07/01/2027,https://aca-prod.accela.com/ANAHEIM/Cap/CapHome.aspx?module=Building&TabName=Building,2026-09-27T01:07:07Z,2026-09-27T13:03:24Z
anaheim:BLD2026-02581,anaheim-accela,BLD2026-02581,,06/05/2026,Building Permit,Finaled,"1515 S HARBOR BLVD, 305, ANAHEIM CA 92802",DCA - Animation Academy - Electrical: Install new emitter in new location with connection to existing panel.,06/15/2027,https://aca-prod.accela.com/ANAHEIM/Cap/CapHome.aspx?module=Building&TabName=Building,2026-09-27T01:07:07Z,2026-09-27T13:03:24Z
anaheim:BLD2026-02604,anaheim-accela,BLD2026-02604,,06/08/2026,Building Permit,Issued,"1600 S DISNEYLAND DR, ANAHEIM CA 92802",GCH - Lobby - Tenant Improvement: Replace 31 ft. high Christmas tree structure with electrical.,08/12/2027,https://aca-prod.accela.com/ANAHEIM/Cap/CapHome.aspx?module=Building&TabName=Building,2026-09-27T01:07:07Z,2026-09-27T13:03:24Z
anaheim:BLD2026-02609,anaheim-accela,BLD2026-02609,,06/09/2026,Building Permit,Finaled,"777 W KATELLA AVE, 434, ANAHEIM CA 92802",DCA - Soarin' Around the World - Electrical: Install new light fixtures in queue.,06/10/2027,https://aca-prod.accela.com/ANAHEIM/Cap/CapHome.aspx?module=Building&TabName=Building,2026-09-27T01:07:07Z,2026-09-27T13:03:24Z
anaheim:BLD2026-02609-REV01,anaheim-accela,BLD2026-02609-REV01,BLD2026-02609,07/16/2026,Plan Revision,Closed,"777 W KATELLA AVE, 434, ANAHEIM CA 92802",DCA - Soarin' Around the World - Electrical: Install new light fixtures in queue.,,https://aca-prod.accela.com/ANAHEIM/Cap/CapHome.aspx?module=Building&TabName=Building,2026-09-27T01:07:07Z,2026-09-27T13:03:24Z
anaheim:BLD2026-02610,anaheim-accela,BLD2026-02610,,06/09/2026,Building Permit,Finaled,"1600 S DISNEYLAND DR, ANAHEIM CA 92802",GCH - Central Energy Plant - Tenant Improvement: Replace fan coil unit #43 and anchorage. With mechanical and electrical.,06/16/2027,https://aca-prod.accela.com/ANAHEIM/Cap/CapHome.aspx?module=Building&TabName=Building,2026-09-27T01:07:07Z,2026-09-27T13:03:24Z
anaheim:BLD2026-02610-REV01,anaheim-accela,BLD2026-02610-REV01,BLD2026-02610,09/02/2026,Plan Revision,Closed,"1600 S DISNEYLAND DR, ANAHEIM CA 92802",GCH - Central Energy Plant - Tenant Improvement: Replace fan coil unit #43 and anchorage. With mechanical and electrical.,,https://aca-prod.accela.com/ANAHEIM/Cap/CapHome.aspx?module=Building&TabName=Building,2026-09-27T01:07:07Z,2026-09-27T13:03:24Z
anaheim:BLD2026-02610-REV02,anaheim-accela,BLD2026-02610-REV02,BLD2026-02610,09/16/2026,Plan Revision,Closed,"1600 S DISNEYLAND DR, ANAHEIM CA 92802",GCH - Central Energy Plant - Tenant Improvement: Replace fan coil unit #43 and anchorage. With mechanical and electrical.,,https://aca-prod.accela.com/ANAHEIM/Cap/CapHome.aspx?module=Building&TabName=Building,2026-09-27T01:07:07Z,2026-09-27T13:03:24Z
anaheim:BLD2026-02668,anaheim-accela,BLD2026-02668,,06/10/2026,Building Permit,Finaled,"1600 S DISNEYLAND DR, ANAHEIM CA 92802",DCA - Seaside Souvenirs - Tenant Improvement: Infill opening with steel studs. Install fabric shade cover anchored to existing adjacent canopy posts and new retractable privacy shade curtain to side of existing structure.,07/08/2027,https://aca-prod.accela.com/ANAHEIM/Cap/CapHome.aspx?module=Building&TabName=Building,2026-09-27T01:07:07Z,2026-09-27T13:03:24Z
anaheim:BLD2026-02673,anaheim-accela,BLD2026-02673,,06/11/2026,Building Permit,Issued,"1313 S HARBOR BLVD, 9073, ANAHEIM CA 92802","DLR - North Service Area/ Wishes Overhaul - Tenant Improvement: Replace metal stud wall at existing laundry room, abandon in place existing roll-up door. With mechanical.",06/24/2027,https://aca-prod.accela.com/ANAHEIM/Cap/CapHome.aspx?module=Building&TabName=Building,2026-09-27T01:07:07Z,2026-09-27T13:03:24Z
anaheim:BLD2026-02690,anaheim-accela,BLD2026-02690,,06/11/2026,Building Permit,Issued,"1150 W MAGIC WAY, ANAHEIM CA 92802","DLH - Goofy's Kitchen - Tenant Improvement: Install (4) ice machines anchored to existing concrete. With mechanical, electrical and plumbing.",07/27/2027,https://aca-prod.accela.com/ANAHEIM/Cap/CapHome.aspx?module=Building&TabName=Building,2026-09-27T01:07:07Z,2026-09-27T13:03:24Z
anaheim:BLD2026-02690-REV01,anaheim-accela,BLD2026-02690-REV01,BLD2026-02690,08/04/2026,Plan Revision,Closed,"1150 W MAGIC WAY, ANAHEIM CA 92802","DLH - Goofy's Kitchen - Tenant Improvement: Install (4) ice machines anchored to existing concrete. With mechanical, electrical and plumbing.",,https://aca-prod.accela.com/ANAHEIM/Cap/CapHome.aspx?module=Building&TabName=Building,2026-09-27T01:07:07Z,2026-09-27T13:03:24Z
anaheim:BLD2026-02690-REV02,anaheim-accela,BLD2026-02690-REV02,BLD2026-02690,09/01/2026,Plan Revision,Closed,"1150 W MAGIC WAY, ANAHEIM CA 92802","DLH - Goofy's Kitchen - Tenant Improvement: Install (4) ice machines anchored to existing concrete. With mechanical, electrical and plumbing.",,https://aca-prod.accela.com/ANAHEIM/Cap/CapHome.aspx?module=Building&TabName=Building,2026-09-27T01:07:07Z,2026-09-27T13:03:24Z
anaheim:BLD2026-02705,anaheim-accela,BLD2026-02705,,06/12/2026,Building Permit,Issued,"1515 S DISNEYLAND DR, ANAHEIM CA 92802","DTD - Star Wars Trading Post/BLDG DD - Tenant Improvement: Remove (1) sliding storefront door system, track in ceiling and (3) air curtains. Install (3) coiling security doors with new track and modify existing columns. With electrical.",06/24/2027,https://aca-prod.accela.com/ANAHEIM/Cap/CapHome.aspx?module=Building&TabName=Building,2026-09-27T01:07:07Z,2026-09-27T13:03:24Z
anaheim:BLD2026-02734,anaheim-accela,BLD2026-02734,,06/15/2026,Building Permit,Issued,"1313 S HARBOR BLVD, 7812, ANAHEIM CA 92802",DLR - It's A Small World - Tenant Improvement: Replace (2) floor hatches at loading platform and install fall protection.,06/22/2027,https://aca-prod.accela.com/ANAHEIM/Cap/CapHome.aspx?module=Building&TabName=Building,2026-09-27T01:07:07Z,2026-09-27T13:03:24Z
anaheim:BLD2026-02735,anaheim-accela,BLD2026-02735,,06/15/2026,Building Permit,Issued,"1313 S HARBOR BLVD, 9071, ANAHEIM CA 92802",DLR - North Service Area/BLDG #100 - Tenant Improvement: Replace boiler unit on extended concreate pad. With mechanical and electrical.,09/01/2027,https://aca-prod.accela.com/ANAHEIM/Cap/CapHome.aspx?module=Building&TabName=Building,2026-09-27T01:07:07Z,2026-09-27T13:03:24Z
anaheim:BLD2026-02767,anaheim-accela,BLD2026-02767,,06/16/2026,Building Permit,Issued,"1313 S HARBOR BLVD, 3101, ANAHEIM CA 92802",DLR - Pirates of the Caribbean/Area 100 - Tenant Improvement: Replace (1) air handler unit anchored to existing wood platform. With mechanical and electrical.,06/24/2027,https://aca-prod.accela.com/ANAHEIM/Cap/CapHome.aspx?module=Building&TabName=Building,2026-09-27T01:07:07Z,2026-09-27T13:03:24Z
anaheim:BLD2026-02769,anaheim-accela,BLD2026-02769,,06/16/2026,Building Permit,Issued,"1313 S HARBOR BLVD, 3101, ANAHEIM CA 92802",DLR - Pirates of the Caribbean/Area 300 - Tenant Improvement: Replace (1) air handle unit anchored to existing concrete pad. Create new roof hatch with structural reinforcement. With mechanical and electrical.,07/07/2027,https://aca-prod.accela.com/ANAHEIM/Cap/CapHome.aspx?module=Building&TabName=Building,2026-09-27T01:07:07Z,2026-09-27T13:03:24Z
anaheim:BLD2026-02808,anaheim-accela,BLD2026-02808,,06/17/2026,Building Permit,Issued,"1295 S WEST PL, ANAHEIM CA 92802",DLR - BCML - Central Bakery - Tenant Improvement: Remove and replace rooftop boiler unit on new platform. With plumbing and electrical.,07/30/2027,https://aca-prod.accela.com/ANAHEIM/Cap/CapHome.aspx?module=Building&TabName=Building,2026-09-27T01:07:07Z,2026-09-27T13:03:24Z
anaheim:BLD2026-02836,anaheim-accela,BLD2026-02836,,06/18/2026,Building Permit,Issued,"1515 S HARBOR BLVD, 306, ANAHEIM CA 92802",DCA - Hollywood Land/Restrooms - Tenant Improvement: Replace fan coil unit and ceiling supports. With mechanical and electrical.,06/25/2027,https://aca-prod.accela.com/ANAHEIM/Cap/CapHome.aspx?module=Building&TabName=Building,2026-09-27T01:07:07Z,2026-09-27T13:03:24Z
anaheim:BLD2026-02839,anaheim-accela,BLD2026-02839,,06/18/2026,Building Permit,Finaled,"1313 S HARBOR BLVD, 7400, ANAHEIM CA 92802",DLR - King Arthur Carrousel - Electrical: Replace VFD and install dedicated power to network cabinets.,06/25/2027,https://aca-prod.accela.com/ANAHEIM/Cap/CapHome.aspx?module=Building&TabName=Building,2026-09-27T01:07:07Z,2026-09-27T13:03:24Z
anaheim:BLD2026-02840,anaheim-accela,BLD2026-02840,,06/18/2026,Building Permit,Issued,"1295 S WEST PL, ANAHEIM CA 92802",DLR - BCML - Central Bakery - Miscellaneous: Interim boiler on an equipment skid to connect to existing utilities. With plumbing and electrical. (BLD2026-02808),09/10/2027,https://aca-prod.accela.com/ANAHEIM/Cap/CapHome.aspx?module=Building&TabName=Building,2026-09-27T01:07:07Z,2026-09-27T13:03:24Z
anaheim:BLD2026-02929,anaheim-accela,BLD2026-02929,,06/25/2026,Building Permit,Issued,"1313 S HARBOR BLVD, 4301, ANAHEIM CA 92802","DLR - Tiana's Bayou/Haunted Mansion - Tenant Improvement: Demo rooftop boiler from Tiana's and connect to hot water service from Haunted Mansion. Provide stepover at Haunted Mansion and structural supports. With mechanical, electrical and plumbing.",09/24/2027,https://aca-prod.accela.com/ANAHEIM/Cap/CapHome.aspx?module=Building&TabName=Building,2026-09-27T01:07:07Z,2026-09-27T13:03:24Z
anaheim:BLD2026-02951,anaheim-accela,BLD2026-02951,,06/25/2026,Building Permit,Issued,"1717 S DISNEYLAND DR, ANAHEIM CA 92802","PPH - First Floor - Tenant Improvement: 183 sq ft for new all-gender accessible restroom. With mechanical, electrical and plumbing.",09/15/2027,https://aca-prod.accela.com/ANAHEIM/Cap/CapHome.aspx?module=Building&TabName=Building,2026-09-27T01:07:07Z,2026-09-27T13:03:24Z
anaheim:BLD2026-03002,anaheim-accela,BLD2026-03002,,06/29/2026,Building Permit,Issued,"777 W KATELLA AVE, 420, ANAHEIM CA 92802",DCA - Wine Country Trattoria - Tenant Improvement: Install new shade sail attached to existing building and trellis.,07/22/2027,https://aca-prod.accela.com/ANAHEIM/Cap/CapHome.aspx?module=Building&TabName=Building,2026-09-27T01:07:07Z,2026-09-27T13:03:24Z
anaheim:BLD2026-03002-REV01,anaheim-accela,BLD2026-03002-REV01,BLD2026-03002,08/12/2026,Plan Revision,Closed,"777 W KATELLA AVE, 420, ANAHEIM CA 92802",DCA - Wine Country Trattoria - Tenant Improvement: Install new shade sail attached to existing building and trellis.,,https://aca-prod.accela.com/ANAHEIM/Cap/CapHome.aspx?module=Building&TabName=Building,2026-09-27T01:07:07Z,2026-09-27T13:03:24Z
anaheim:BLD2026-03007,anaheim-accela,BLD2026-03007,,06/30/2026,Building Permit,Issued,"777 W KATELLA AVE, 434, ANAHEIM CA 92802",DCA - Soarin' Over California - Tenant Improvement: Add extensions to existing poles to support extended fabric cover.,08/10/2027,https://aca-prod.accela.com/ANAHEIM/Cap/CapHome.aspx?module=Building&TabName=Building,2026-09-27T01:07:07Z,2026-09-27T13:03:24Z
anaheim:BLD2026-03025,anaheim-accela,BLD2026-03025,,07/01/2026,Building Permit,Finaled,"777 W KATELLA AVE, 432, ANAHEIM CA 92802",DCA - Redwood Creek Trail - Villain's Grove - Miscellaneous: Install (2) prefab scenic trees. (7-29-26 thru 11-03-26),08/04/2027,https://aca-prod.accela.com/ANAHEIM/Cap/CapHome.aspx?module=Building&TabName=Building,2026-09-27T01:07:07Z,2026-09-27T13:03:24Z
anaheim:BLD2026-03047,anaheim-accela,BLD2026-03047,,07/02/2026,Building Permit,Issued,"1545 S DISNEYLAND DR, ANAHEIM CA 92802",DTD - Building CC - Tenant Improvement: Modify hot water system for cart wash area and staff restrooms at levels 1-2. Structural attachments for water heater. With electrical and plumbing.,08/25/2027,https://aca-prod.accela.com/ANAHEIM/Cap/CapHome.aspx?module=Building&TabName=Building,2026-09-27T01:07:07Z,2026-09-27T13:03:24Z
anaheim:BLD2026-03049,anaheim-accela,BLD2026-03049,,07/02/2026,Building Permit,Issued,"745 W KATELLA AVE, 807, ANAHEIM CA 92802","DCA - Ramone's House of Body Art - Tenant Improvement: Replace boiler unit and pump with anchoring for ground mounted and suspended equipment. With mechanical, electrical and plumbing.",08/18/2027,https://aca-prod.accela.com/ANAHEIM/Cap/CapHome.aspx?module=Building&TabName=Building,2026-09-27T01:07:07Z,2026-09-27T13:03:24Z
anaheim:BLD2026-03051,anaheim-accela,BLD2026-03051,,07/02/2026,Building Permit,Issued,"777 W KATELLA AVE, 415-A, ANAHEIM CA 92802","DCA - Aunt Cass Cafe - Tenant Improvement: Replace boiler unit and pump with anchoring for ground mounted and suspended equipment. With mechanical, electrical and plumbing.",08/18/2027,https://aca-prod.accela.com/ANAHEIM/Cap/CapHome.aspx?module=Building&TabName=Building,2026-09-27T01:07:07Z,2026-09-27T13:03:24Z
anaheim:BLD2026-03059,anaheim-accela,BLD2026-03059,,07/02/2026,Building Permit,Issued,"1313 S HARBOR BLVD, 1600, ANAHEIM CA 92802","DLR - Main Street/Block 200 - Tenant Improvement: Replace boiler unit and provide connections to hot water plant. With mechanical, electrical and plumbing.",07/30/2027,https://aca-prod.accela.com/ANAHEIM/Cap/CapHome.aspx?module=Building&TabName=Building,2026-09-27T01:07:07Z,2026-09-27T13:03:24Z
anaheim:BLD2026-03060,anaheim-accela,BLD2026-03060,,07/02/2026,Building Permit,Issued,"1556 S DISNEYLAND DR, ANAHEIM CA 92802",DTD - Area Development - Light Poles: Relocate (3) light poles. With electrical.,09/15/2027,https://aca-prod.accela.com/ANAHEIM/Cap/CapHome.aspx?module=Building&TabName=Building,2026-09-27T01:07:07Z,2026-09-27T13:03:24Z
anaheim:BLD2026-03061,anaheim-accela,BLD2026-03061,,07/02/2026,Building Permit,Finaled,"1515 S HARBOR BLVD, 303, ANAHEIM CA 92802",DCA - Stage 12 - Halloween Party '26 - Miscellaneous: Install (2) light towers and (1) truss arch anchored to concrete ballast blocks. (08-17-26 thru 11-03-26),07/27/2027,https://aca-prod.accela.com/ANAHEIM/Cap/CapHome.aspx?module=Building&TabName=Building,2026-09-27T01:07:07Z,2026-09-27T13:03:24Z
anaheim:BLD2026-03065,anaheim-accela,BLD2026-03065,,07/02/2026,Building Permit,Finaled,"1313 S HARBOR BLVD, 3501, ANAHEIM CA 92802",DLR - Haunted Mansion/BLDG #3501 - Electrical: Replace (10) motor disconnect switches.,07/07/2027,https://aca-prod.accela.com/ANAHEIM/Cap/CapHome.aspx?module=Building&TabName=Building,2026-09-27T01:07:07Z,2026-09-27T13:03:24Z
anaheim:BLD2026-03089,anaheim-accela,BLD2026-03089,,07/06/2026,Building Permit,Plan Review,"1313 S HARBOR BLVD, 9085, ANAHEIM CA 92802",DLR - Roundhouse/North Service Area - Plumbing: Install underground drainage connections to rain diverter system.,07/06/2027,https://aca-prod.accela.com/ANAHEIM/Cap/CapHome.aspx?module=Building&TabName=Building,2026-09-27T01:07:07Z,2026-09-27T13:03:24Z
anaheim:BLD2026-03118,anaheim-accela,BLD2026-03118,,07/07/2026,Building Permit,Issued,"1313 S HARBOR BLVD, 3101, ANAHEIM CA 92802",DLR - Pirates of the Caribbean/Area 100 - Tenant Improvement: Install interim air handling unit on new steel platform with new duct curb to roof. With mechanical and electrical. (BLD2026-02767),09/10/2027,https://aca-prod.accela.com/ANAHEIM/Cap/CapHome.aspx?module=Building&TabName=Building,2026-09-27T01:07:07Z,2026-09-27T13:03:24Z
anaheim:BLD2026-03119,anaheim-accela,BLD2026-03119,,07/07/2026,Building Permit,Issued,"1313 S HARBOR BLVD, 3101, ANAHEIM CA 92802",DLR - Pirates of the Caribbean/Area 300 - Tenant Improvement: Install interim air handling unit on existing steel platform with new duct curb to roof. With mechanical and electrical. (BLD2026-02769),09/10/2027,https://aca-prod.accela.com/ANAHEIM/Cap/CapHome.aspx?module=Building&TabName=Building,2026-09-27T01:07:07Z,2026-09-27T13:03:24Z
anaheim:BLD2026-03127,anaheim-accela,BLD2026-03127,,07/08/2026,Building Permit,Finaled,"777 W KATELLA AVE, 430, ANAHEIM CA 92802",DCA - Palisades Stage/Project Royalty - Miscellaneous: Install (3) light towers anchored to ballast blocks. (08/07/26 thru 08/13/26),07/27/2027,https://aca-prod.accela.com/ANAHEIM/Cap/CapHome.aspx?module=Building&TabName=Building,2026-09-27T01:07:07Z,2026-09-27T13:03:24Z
anaheim:BLD2026-03136,anaheim-accela,BLD2026-03136,,07/08/2026,Building Permit,Finaled,"777 W KATELLA AVE, ANAHEIM CA 92802",DCA - Golden State/Halloween Party - Miscellaneous: Install (7) light towers anchored by concrete ballast blocks and (2) stage structures. (08/17/26 thru 11/03/26),08/10/2027,https://aca-prod.accela.com/ANAHEIM/Cap/CapHome.aspx?module=Building&TabName=Building,2026-09-27T01:07:07Z,2026-09-27T13:03:24Z
anaheim:BLD2026-03182,anaheim-accela,BLD2026-03182,,07/10/2026,Building Permit,Issued,"777 W KATELLA AVE, 438, ANAHEIM CA 92802","DCA - Grizzly Peak - Tenant Improvement: Replace boiler, pump and water heater anchored to existing pads with associated electrical, mechanical and plumbing.",09/02/2027,https://aca-prod.accela.com/ANAHEIM/Cap/CapHome.aspx?module=Building&TabName=Building,2026-09-27T01:07:07Z,2026-09-27T13:03:24Z
anaheim:BLD2026-03191,anaheim-accela,BLD2026-03191,,07/10/2026,Building Permit,Issued,"777 W KATELLA AVE, 437, ANAHEIM CA 92802","DCA - Grizzly Peak - Rushin' River Outfitters - Tenant Improvement: Replace boiler, expansion tank and pumps anchored to new pad with associated electrical, mechanical and plumbing.",09/11/2027,https://aca-prod.accela.com/ANAHEIM/Cap/CapHome.aspx?module=Building&TabName=Building,2026-09-27T01:07:07Z,2026-09-27T13:03:24Z
anaheim:BLD2026-03192,anaheim-accela,BLD2026-03192,,07/10/2026,Building Permit,Issued,"777 W KATELLA AVE, 435, ANAHEIM CA 92802","DCA - Grizzly Peak - Humphrey's Service & Supplies - Tenant Improvement: Replace boiler, expansion tank and pumps anchored to new pad with associated electrical, mechanical and plumbing. Relocate eye wash station.",09/11/2027,https://aca-prod.accela.com/ANAHEIM/Cap/CapHome.aspx?module=Building&TabName=Building,2026-09-27T01:07:07Z,2026-09-27T13:03:24Z
anaheim:BLD2026-03196,anaheim-accela,BLD2026-03196,,07/10/2026,Building Permit,Finaled,"1545 S DISNEYLAND DR, ANAHEIM CA 92802",DTD - Building CC - Electrical: Remove uninterrupted power supply system on second floor.,07/17/2027,https://aca-prod.accela.com/ANAHEIM/Cap/CapHome.aspx?module=Building&TabName=Building,2026-09-27T01:07:07Z,2026-09-27T13:03:24Z
anaheim:BLD2026-03197,anaheim-accela,BLD2026-03197,,07/10/2026,Building Permit,Plan Review,"1545 S DISNEYLAND DR, 110, ANAHEIM CA 92802","DTD - North Entrance - Area Development - Site Work: Install new security fence and gates and 3,000 sq. ft. for (2) canopies. Remove existing fencing and prefabricated tents.",07/10/2027,https://aca-prod.accela.com/ANAHEIM/Cap/CapHome.aspx?module=Building&TabName=Building,2026-09-27T01:07:07Z,2026-09-27T13:03:24Z
anaheim:BLD2026-03221,anaheim-accela,BLD2026-03221,,07/13/2026,Building Permit,Finaled,"777 W KATELLA AVE, 430, ANAHEIM CA 92802",DCA - Little Mermaid - Miscellaneous: Install prefabricated pergola. (8-09-26 thru 1-10-27),08/20/2027,https://aca-prod.accela.com/ANAHEIM/Cap/CapHome.aspx?module=Building&TabName=Building,2026-09-27T01:07:07Z,2026-09-27T13:03:24Z
anaheim:BLD2026-03260,anaheim-accela,BLD2026-03260,,07/15/2026,Building Permit,Plan Review,"777 W KATELLA AVE, 422, ANAHEIM CA 92802","DCA - Performance Corridor - Retaining Wall: 130 ln ft x 16'6"" max height. With electrical.",07/15/2027,https://aca-prod.accela.com/ANAHEIM/Cap/CapHome.aspx?module=Building&TabName=Building,2026-09-27T01:07:07Z,2026-09-27T13:03:24Z
anaheim:BLD2026-03264,anaheim-accela,BLD2026-03264,,07/15/2026,Building Permit,Issued,"1515 S HARBOR BLVD, 701, ANAHEIM CA 92802","DCA - Avengers Campus/Guest RR - Tenant Improvement: Replace boiler unit and pump with supports for ceiling suspended equipment and anchoring. With mechanical, electrical and plumbing.",08/31/2027,https://aca-prod.accela.com/ANAHEIM/Cap/CapHome.aspx?module=Building&TabName=Building,2026-09-27T01:07:07Z,2026-09-27T13:03:24Z
anaheim:BLD2026-03287,anaheim-accela,BLD2026-03287,,07/16/2026,Building Permit,Issued,"1313 S HARBOR BLVD, 3117, ANAHEIM CA 92802",DLR - Club 33 - Tenant Improvement: Install (6) infrared heaters and show lights at existing balconies.,08/12/2027,https://aca-prod.accela.com/ANAHEIM/Cap/CapHome.aspx?module=Building&TabName=Building,2026-09-27T01:07:07Z,2026-09-27T13:03:24Z
anaheim:BLD2026-03293,anaheim-accela,BLD2026-03293,,07/16/2026,Building Permit,Plan Review,"1313 S HARBOR BLVD, 9097, ANAHEIM CA 92802","DLR - E Boiler Plant - Tenant Improvement: Install (2) interim ground-mounted boilers and create new opening to run equipment. With mechanical, electrical and plumbing. (BLD2025-04668)",07/16/2027,https://aca-prod.accela.com/ANAHEIM/Cap/CapHome.aspx?module=Building&TabName=Building,2026-09-27T01:07:07Z,2026-09-27T13:03:24Z
anaheim:BLD2026-03294,anaheim-accela,BLD2026-03294,,07/16/2026,Building Permit,Issued,"1297 S WEST PL, ANAHEIM CA 92802",DLR - Ball Cast Member Lot - Demolition: 50 sq ft security booth with foundation to be removed and utilities to be capped.,08/24/2027,https://aca-prod.accela.com/ANAHEIM/Cap/CapHome.aspx?module=Building&TabName=Building,2026-09-27T01:07:07Z,2026-09-27T13:03:24Z
anaheim:BLD2026-03296,anaheim-accela,BLD2026-03296,,07/17/2026,Building Permit,Issued,"1515 S HARBOR BLVD, 201, ANAHEIM CA 92802",DCA - East Block Complex - Electrical: Provide dimmer circuits to socapex cabinet.,08/03/2027,https://aca-prod.accela.com/ANAHEIM/Cap/CapHome.aspx?module=Building&TabName=Building,2026-09-27T01:07:07Z,2026-09-27T13:03:24Z
anaheim:BLD2026-03327,anaheim-accela,BLD2026-03327,,07/20/2026,Building Permit,Issued,"1616 S DISNEYLAND DR, 521, ANAHEIM CA 92802",DCA - BOH - Electrical: Install new power receptacles for parade float charging.,07/28/2027,https://aca-prod.accela.com/ANAHEIM/Cap/CapHome.aspx?module=Building&TabName=Building,2026-09-27T01:07:07Z,2026-09-27T13:03:24Z
anaheim:BLD2026-03329,anaheim-accela,BLD2026-03329,,07/20/2026,Building Permit,Plan Review,"1297 S WEST PL, ANAHEIM CA 92802",DLR - Ball Cast Member Lot - Accessory Building: 44 sq ft security booth on new concrete pad. Replace curb and ramp. With electrical.,07/20/2027,https://aca-prod.accela.com/ANAHEIM/Cap/CapHome.aspx?module=Building&TabName=Building,2026-09-27T01:07:07Z,2026-09-27T13:03:24Z
anaheim:BLD2026-03330,anaheim-accela,BLD2026-03330,,07/20/2026,Building Permit,Issued,"745 W KATELLA AVE, 810, ANAHEIM CA 92802",DCA - Radiator Springs Racers - Tenant Improvement: 200 sq ft service platform to service pump in existing equipment room.,09/21/2027,https://aca-prod.accela.com/ANAHEIM/Cap/CapHome.aspx?module=Building&TabName=Building,2026-09-27T01:07:07Z,2026-09-27T13:03:24Z
anaheim:BLD2026-03359,anaheim-accela,BLD2026-03359,,07/22/2026,Building Permit,Plan Review,"1313 S HARBOR BLVD, 9097, ANAHEIM CA 92802","DLR - E Boiler Plant - Tenant Improvement: 1,806 sq ft remodel of existing office and replacement of (2) boilers. With mechanical, electrical and plumbing. (BLD2026-03293)",07/22/2027,https://aca-prod.accela.com/ANAHEIM/Cap/CapHome.aspx?module=Building&TabName=Building,2026-09-27T01:07:07Z,2026-09-27T13:03:24Z
anaheim:BLD2026-03380,anaheim-accela,BLD2026-03380,,07/22/2026,Building Permit,Issued,"1313 S HARBOR BLVD, 1201, ANAHEIM CA 92802","DLR - Coca-Cola Corner Cafe/Candy Palace - Tenant Improvement: 55 sq ft to remove and replace (4) icee beverage dispensers with new cabinets/surround. With mechanical, electrical and plumbing.",09/15/2027,https://aca-prod.accela.com/ANAHEIM/Cap/CapHome.aspx?module=Building&TabName=Building,2026-09-27T01:07:07Z,2026-09-27T13:03:24Z
anaheim:BLD2026-03458,anaheim-accela,BLD2026-03458,,07/27/2026,Building Permit,Issued,"1717 S DISNEYLAND DR, ANAHEIM CA 92802",PPH - Atrium - Electrical: Install track lighting at second floor atrium.,08/12/2027,https://aca-prod.accela.com/ANAHEIM/Cap/CapHome.aspx?module=Building&TabName=Building,2026-09-27T01:07:07Z,2026-09-27T13:03:24Z
anaheim:BLD2026-03476,anaheim-accela,BLD2026-03476,,07/28/2026,Building Permit,Issued,"1313 S HARBOR BLVD, 1001, ANAHEIM CA 92802","DLR - Plaza Inn - Tenant Improvement: Replace steam dishwasher and provide new trench drain. With mechanical, electrical and plumbing.",08/31/2027,https://aca-prod.accela.com/ANAHEIM/Cap/CapHome.aspx?module=Building&TabName=Building,2026-09-27T01:07:07Z,2026-09-27T13:03:24Z
anaheim:BLD2026-03478,anaheim-accela,BLD2026-03478,,07/28/2026,Building Permit,Issued,"1313 S HARBOR BLVD, 9010, ANAHEIM CA 92802","DLR - Westsider Grill/Dressing Rooms - Tenant Improvement: 1,296 sq ft interior remodel at second floor to create new offices, breakroom and dressing room. With mechanical, electrical and plumbing.",09/02/2027,https://aca-prod.accela.com/ANAHEIM/Cap/CapHome.aspx?module=Building&TabName=Building,2026-09-27T01:07:07Z,2026-09-27T13:03:24Z
anaheim:BLD2026-03525,anaheim-accela,BLD2026-03525,,07/30/2026,Building Permit,Issued,"1313 S HARBOR BLVD, 7113, ANAHEIM CA 92802",DLR - West Facility Kitchen - Electrical: Install new receptacle for kitchen equipment.,09/01/2027,https://aca-prod.accela.com/ANAHEIM/Cap/CapHome.aspx?module=Building&TabName=Building,2026-09-27T01:07:07Z,2026-09-27T13:03:24Z
anaheim:BLD2026-03526,anaheim-accela,BLD2026-03526,,07/30/2026,Building Permit,Issued,"1313 S HARBOR BLVD, 7600, ANAHEIM CA 92802",DLR - Matterhorn Bobsleds - Electrical: Install disconnect switch for sump pump controller.,08/05/2027,https://aca-prod.accela.com/ANAHEIM/Cap/CapHome.aspx?module=Building&TabName=Building,2026-09-27T01:07:07Z,2026-09-27T13:03:24Z
anaheim:BLD2026-03580,anaheim-accela,BLD2026-03580,,08/03/2026,Building Permit,Issued,"1313 S HARBOR BLVD, 7410, ANAHEIM CA 92802",DLR - Mad Tea Party - Tenant Improvement: Install new post with electrical for prop. Install new OFCI lanterns. Provide power and data to network enclosures.,08/27/2027,https://aca-prod.accela.com/ANAHEIM/Cap/CapHome.aspx?module=Building&TabName=Building,2026-09-27T01:07:07Z,2026-09-27T13:03:24Z
anaheim:BLD2026-03585,anaheim-accela,BLD2026-03585,,08/04/2026,Building Permit,Issued,"1555 S DISNEYLAND DR, ANAHEIM CA 92802",DTD - West Area Development - Electrical: Disconnect planter power and pull from a different existing meter at new location.,08/12/2027,https://aca-prod.accela.com/ANAHEIM/Cap/CapHome.aspx?module=Building&TabName=Building,2026-09-27T01:07:07Z,2026-09-27T13:03:24Z
anaheim:BLD2026-03588,anaheim-accela,BLD2026-03588,,08/04/2026,Building Permit,Issued,"1313 S HARBOR BLVD, 5311, ANAHEIM CA 92802",DLR - River Belle Terrace - Tenant Improvement: Remove and replace roof speaker and lift on new curb. With electrical.,09/11/2027,https://aca-prod.accela.com/ANAHEIM/Cap/CapHome.aspx?module=Building&TabName=Building,2026-09-27T01:07:07Z,2026-09-27T13:03:24Z
anaheim:BLD2026-03589,anaheim-accela,BLD2026-03589,,08/04/2026,Building Permit,Issued,"1313 S HARBOR BLVD, 3404, ANAHEIM CA 92802",DLR - Tiana's Palace - Tenant Improvement: Remove and replace roof speaker and lift. Install new step-over platform. With electrical.,09/11/2027,https://aca-prod.accela.com/ANAHEIM/Cap/CapHome.aspx?module=Building&TabName=Building,2026-09-27T01:07:07Z,2026-09-27T13:03:24Z
anaheim:BLD2026-03642,anaheim-accela,BLD2026-03642,,08/05/2026,Building Permit,Issued,"1313 S HARBOR BLVD, 7212, ANAHEIM CA 92802",DLR - Alice in Wonderland - Tenant Improvement: Install new post with electrical for prop. New network enclosure with underground electrical and data conduit.,08/10/2027,https://aca-prod.accela.com/ANAHEIM/Cap/CapHome.aspx?module=Building&TabName=Building,2026-09-27T01:07:07Z,2026-09-27T13:03:24Z
anaheim:BLD2026-03668,anaheim-accela,BLD2026-03668,,08/06/2026,Building Permit,Issued,"1313 S HARBOR BLVD, 10040, ANAHEIM CA 92802",DLR - Rise of the Resistance - Plumbing: Remove existing domestic water piping and install new.,08/31/2027,https://aca-prod.accela.com/ANAHEIM/Cap/CapHome.aspx?module=Building&TabName=Building,2026-09-27T01:07:07Z,2026-09-27T13:03:24Z
anaheim:BLD2026-03668-REV01,anaheim-accela,BLD2026-03668-REV01,BLD2026-03668,09/10/2026,Plan Revision,Closed,"1313 S HARBOR BLVD, 10040, ANAHEIM CA 92802",DLR - Rise of the Resistance - Plumbing: Remove existing domestic water piping and install new.,,https://aca-prod.accela.com/ANAHEIM/Cap/CapHome.aspx?module=Building&TabName=Building,2026-09-27T01:07:07Z,2026-09-27T13:03:24Z
anaheim:BLD2026-03668-REV02,anaheim-accela,BLD2026-03668-REV02,BLD2026-03668,09/23/2026,Plan Revision,Plan Review,"1313 S HARBOR BLVD, 10040, ANAHEIM CA 92802",DLR - Rise of the Resistance - Plumbing: Remove existing domestic water piping and install new.,,https://aca-prod.accela.com/ANAHEIM/Cap/CapHome.aspx?module=Building&TabName=Building,2026-09-27T01:07:07Z,2026-09-27T13:03:24Z
anaheim:BLD2026-03669,anaheim-accela,BLD2026-03669,,08/06/2026,Building Permit,Issued,"745 W KATELLA AVE, ANAHEIM CA 92802","DCA - Cars Land - Halloween Overlay: Install (6) overhead garland, (2) cone showset figures and (1) wreath attached to Courthouse.",09/10/2027,https://aca-prod.accela.com/ANAHEIM/Cap/CapHome.aspx?module=Building&TabName=Building,2026-09-27T01:07:07Z,2026-09-27T13:03:24Z
anaheim:BLD2026-03719,anaheim-accela,BLD2026-03719,,08/11/2026,Building Permit,Issued,"1313 S HARBOR BLVD, 3501, ANAHEIM CA 92802",DLR - Haunted Mansion - Tenant Improvement: Install ornamental metal attached to rooftop.,08/18/2027,https://aca-prod.accela.com/ANAHEIM/Cap/CapHome.aspx?module=Building&TabName=Building,2026-09-27T01:07:07Z,2026-09-27T13:03:24Z
anaheim:BLD2026-03719-REV01,anaheim-accela,BLD2026-03719-REV01,BLD2026-03719,09/21/2026,Plan Revision,Closed,"1313 S HARBOR BLVD, 3501, ANAHEIM CA 92802",DLR - Haunted Mansion - Tenant Improvement: Install ornamental metal attached to rooftop.,,https://aca-prod.accela.com/ANAHEIM/Cap/CapHome.aspx?module=Building&TabName=Building,2026-09-27T01:07:07Z,2026-09-27T13:03:24Z
anaheim:BLD2026-03720,anaheim-accela,BLD2026-03720,,08/11/2026,Building Permit,Plan Review,"1600 S DISNEYLAND DR, ANAHEIM CA 92802","GCH - Tenant Improvement: Infill wall openings above tubs, upgrade electrical, mechanical and plumbing fixtures in restrooms and kitchens in (48) guestrooms.",08/11/2027,https://aca-prod.accela.com/ANAHEIM/Cap/CapHome.aspx?module=Building&TabName=Building,2026-09-27T01:07:07Z,2026-09-27T13:03:24Z
anaheim:BLD2026-03722,anaheim-accela,BLD2026-03722,,08/11/2026,Building Permit,Finaled,"2631 E KATELLA AVE, ANAHEIM CA 92806","DLR - Honda Center - D23 Fan Event - Miscellaneous: Install (1) event tent, restroom trailers and electrical to service air conditioner units. (08-16-26 thru 08-17-26)",08/14/2027,https://aca-prod.accela.com/ANAHEIM/Cap/CapHome.aspx?module=Building&TabName=Building,2026-09-27T01:07:07Z,2026-09-27T13:03:24Z
anaheim:BLD2026-03766,anaheim-accela,BLD2026-03766,,08/12/2026,Building Permit,Plan Review,"1313 S HARBOR BLVD, 7113, ANAHEIM CA 92802","DLR - Red Rose Taverne - Tenant Improvement: Remove and replace space heating and water boiler system on new concrete pad. With mechanical, electrical and plumbing.",08/12/2027,https://aca-prod.accela.com/ANAHEIM/Cap/CapHome.aspx?module=Building&TabName=Building,2026-09-27T01:07:07Z,2026-09-27T13:03:24Z
anaheim:BLD2026-03767,anaheim-accela,BLD2026-03767,,08/12/2026,Building Permit,Plan Review,"1313 S HARBOR BLVD, 7113, ANAHEIM CA 92802",DLR - Red Rose Taverne - Miscellaneous: Install exterior interim boilers. With electrical and plumbing. (BLD2026-03766),08/12/2027,https://aca-prod.accela.com/ANAHEIM/Cap/CapHome.aspx?module=Building&TabName=Building,2026-09-27T01:07:07Z,2026-09-27T13:03:24Z
anaheim:BLD2026-03789,anaheim-accela,BLD2026-03789,,08/13/2026,Building Permit,Issued,"1313 S HARBOR BLVD, 2501, ANAHEIM CA 92802",DLR - Indiana Jones Adventure - Electrical: Replace (2) door controllers and associated equipment.,08/21/2027,https://aca-prod.accela.com/ANAHEIM/Cap/CapHome.aspx?module=Building&TabName=Building,2026-09-27T01:07:07Z,2026-09-27T13:03:24Z
anaheim:BLD2026-03845,anaheim-accela,BLD2026-03845,,08/17/2026,Building Permit,Issued,"700 W BALL RD, ANAHEIM CA 92802","DLR - TDA - Tenant Improvement: 4,542 sq ft office reconfiguration at first floor only. With electrical.",09/24/2027,https://aca-prod.accela.com/ANAHEIM/Cap/CapHome.aspx?module=Building&TabName=Building,2026-09-27T01:07:07Z,2026-09-27T13:03:24Z
anaheim:BLD2026-03846,anaheim-accela,BLD2026-03846,,08/17/2026,Building Permit,Issued,"1313 S HARBOR BLVD, 8301, ANAHEIM CA 92802",DLR - Terrace Stage - Miscellaneous: Strengthen the foundation and structural support for stage speaker housing. Replace (2) audio loudspeakers.,08/21/2027,https://aca-prod.accela.com/ANAHEIM/Cap/CapHome.aspx?module=Building&TabName=Building,2026-09-27T01:07:07Z,2026-09-27T13:03:24Z
anaheim:BLD2026-03847,anaheim-accela,BLD2026-03847,,08/17/2026,Building Permit,Issued,"1150 W MAGIC WAY, ANAHEIM CA 92802",DLH - Central Energy Plant - Tenant Improvement: Install a dedicated triplex water softener system in basement equipment room. With plumbing and electrical.,08/21/2027,https://aca-prod.accela.com/ANAHEIM/Cap/CapHome.aspx?module=Building&TabName=Building,2026-09-27T01:07:07Z,2026-09-27T13:03:24Z
anaheim:BLD2026-03865,anaheim-accela,BLD2026-03865,,08/18/2026,Building Permit,Plan Review,"1600 S DISNEYLAND DR, ANAHEIM CA 92802",GCH - Landscape Rehab - Area Development: Repair egress pathway adjacent to south atrium lobby. Install (14) light poles with electrical.,08/18/2027,https://aca-prod.accela.com/ANAHEIM/Cap/CapHome.aspx?module=Building&TabName=Building,2026-09-27T01:07:07Z,2026-09-27T13:03:24Z
anaheim:BLD2026-03867,anaheim-accela,BLD2026-03867,,08/18/2026,Building Permit,Issued,"1313 S HARBOR BLVD, 10070, ANAHEIM CA 92802",DLR - Black Spire Station - Electrical: Provide exterior outlets.,08/25/2027,https://aca-prod.accela.com/ANAHEIM/Cap/CapHome.aspx?module=Building&TabName=Building,2026-09-27T01:07:07Z,2026-09-27T13:03:24Z
anaheim:BLD2026-03900,anaheim-accela,BLD2026-03900,,08/20/2026,Building Permit,Issued,"1313 S HARBOR BLVD, 9071, ANAHEIM CA 92802",DLR - Building 100 - Tenant Improvement: Relocate baler inside warehouse and electrical.,09/11/2027,https://aca-prod.accela.com/ANAHEIM/Cap/CapHome.aspx?module=Building&TabName=Building,2026-09-27T01:07:07Z,2026-09-27T13:03:24Z
anaheim:BLD2026-03920,anaheim-accela,BLD2026-03920,,08/20/2026,Building Permit,Issued,"1313 S HARBOR BLVD, 9018, ANAHEIM CA 92802",DLR - Outdoor Vending - Tenant Improvement: Remove and replace ice machine and frame. With plumbing and electrical.,09/16/2027,https://aca-prod.accela.com/ANAHEIM/Cap/CapHome.aspx?module=Building&TabName=Building,2026-09-27T01:07:07Z,2026-09-27T13:03:24Z
anaheim:BLD2026-04008,anaheim-accela,BLD2026-04008,,08/26/2026,Building Permit,Issued,"1313 S HARBOR BLVD, 7901, ANAHEIM CA 92802",DLR - Fantasyland Theater - Tenant Improvement: Remove (4) truss mounted speakers and shrouding and replace with (3) truss mounted speakers and shrouding. Install (2) speakers mounted on to existing side fencing.,09/23/2027,https://aca-prod.accela.com/ANAHEIM/Cap/CapHome.aspx?module=Building&TabName=Building,2026-09-27T01:07:07Z,2026-09-27T13:03:24Z
anaheim:BLD2026-04009,anaheim-accela,BLD2026-04009,,08/26/2026,Building Permit,Plan Review,"1313 S HARBOR BLVD, 8201, ANAHEIM CA 92802",DLR - Tomorrowland - Star Tours - Tenant Improvement: Replace fiber optic cable with new LED based lighting fixtures at existing facade.,08/26/2027,https://aca-prod.accela.com/ANAHEIM/Cap/CapHome.aspx?module=Building&TabName=Building,2026-09-27T01:07:07Z,2026-09-27T13:03:24Z
anaheim:BLD2026-04010,anaheim-accela,BLD2026-04010,,08/26/2026,Building Permit,Plan Review,"1313 S HARBOR BLVD, 8101, ANAHEIM CA 92802",DLR - Tomorrowland - Buzz Lightyear Astro Blasters - Tenant Improvement: Replace fiber optic cable with new LED based lighting fixtures at existing facade.,08/26/2027,https://aca-prod.accela.com/ANAHEIM/Cap/CapHome.aspx?module=Building&TabName=Building,2026-09-27T01:07:07Z,2026-09-27T13:03:24Z
anaheim:BLD2026-04014,anaheim-accela,BLD2026-04014,,08/27/2026,Building Permit,Issued,"1150 W MAGIC WAY, D, ANAHEIM CA 92802","DLH - Cooling Tower - Tenant Improvement: Install new screening, access stairs, door and concrete landing pads at existing chiller plant. With electrical.",09/14/2027,https://aca-prod.accela.com/ANAHEIM/Cap/CapHome.aspx?module=Building&TabName=Building,2026-09-27T01:07:07Z,2026-09-27T13:03:24Z
anaheim:BLD2026-04068,anaheim-accela,BLD2026-04068,,08/27/2026,Building Permit,Plan Review,"1313 S HARBOR BLVD, ANAHEIM CA 92802",DLR - Main Street/Town Square - Halloween - Miscellaneous: Install (1) pumpkin scene element to existing concrete base.,08/27/2027,https://aca-prod.accela.com/ANAHEIM/Cap/CapHome.aspx?module=Building&TabName=Building,2026-09-27T01:07:07Z,2026-09-27T13:03:24Z
anaheim:BLD2026-04070,anaheim-accela,BLD2026-04070,,08/27/2026,Building Permit,Plan Review,"777 W KATELLA AVE, 432, ANAHEIM CA 92802",DLR - CONF,08/27/2027,https://aca-prod.accela.com/ANAHEIM/Cap/CapHome.aspx?module=Building&TabName=Building,2026-09-27T01:07:07Z,2026-09-27T13:03:24Z
anaheim:BLD2026-04073,anaheim-accela,BLD2026-04073,,08/27/2026,Building Permit,Plan Review,"1616 S DISNEYLAND DR, 521, ANAHEIM CA 92802",DCA - Boardwalk Pizza/BLDG #521 - Tenant Improvement: Remove portion of exterior wall to install new exterior ductwork for new make-up air unit on new concrete pad. With mechanical and electrical.,08/27/2027,https://aca-prod.accela.com/ANAHEIM/Cap/CapHome.aspx?module=Building&TabName=Building,2026-09-27T01:07:07Z,2026-09-27T13:03:24Z
anaheim:BLD2026-04137,anaheim-accela,BLD2026-04137,,08/31/2026,Building Permit,Issued,"1313 S HARBOR BLVD, 8900, ANAHEIM CA 92802",DLR - Finding Nemo/BLDG #8900 - Tenant Improvement: Install protection at (6) separate scene locations.,09/04/2027,https://aca-prod.accela.com/ANAHEIM/Cap/CapHome.aspx?module=Building&TabName=Building,2026-09-27T01:07:07Z,2026-09-27T13:03:24Z
anaheim:BLD2026-04173,anaheim-accela,BLD2026-04173,,09/01/2026,Building Permit,Issued,"1313 S HARBOR BLVD, 4400, ANAHEIM CA 92802",DLR - Winnie the Pooh - Electrical: Install duplex receptacle feeding from emergency panel.,09/10/2027,https://aca-prod.accela.com/ANAHEIM/Cap/CapHome.aspx?module=Building&TabName=Building,2026-09-27T01:07:07Z,2026-09-27T13:03:24Z
anaheim:BLD2026-04192,anaheim-accela,BLD2026-04192,,09/02/2026,Building Permit,Issued,"1313 S HARBOR BLVD, ANAHEIM CA 92802",DLR - Main Street/Town Square - Electrical: Install new pin and sleeve receptacle.,09/23/2027,https://aca-prod.accela.com/ANAHEIM/Cap/CapHome.aspx?module=Building&TabName=Building,2026-09-27T01:07:07Z,2026-09-27T13:03:24Z
anaheim:BLD2026-04324,anaheim-accela,BLD2026-04324,,09/09/2026,Building Permit,Plan Review,"777 W KATELLA AVE, 429, ANAHEIM CA 92802","DCA - San Francisco Workplace/BLDG #429 - Accessory Building: 15 ln ft x 10'6"" ft tall chain link fence with 49 sq ft cover to create attached storage enclosure. With electrical.",09/09/2027,https://aca-prod.accela.com/ANAHEIM/Cap/CapHome.aspx?module=Building&TabName=Building,2026-09-27T01:07:07Z,2026-09-27T13:03:24Z
anaheim:BLD2026-04367,anaheim-accela,BLD2026-04367,,09/10/2026,Building Permit,Plan Review,"1313 S HARBOR BLVD, 8301, ANAHEIM CA 92802",DLR - CONF,09/10/2027,https://aca-prod.accela.com/ANAHEIM/Cap/CapHome.aspx?module=Building&TabName=Building,2026-09-27T01:07:07Z,2026-09-27T13:03:24Z
anaheim:BLD2026-04369,anaheim-accela,BLD2026-04369,,09/10/2026,Building Permit,Issued,"1600 S DISNEYLAND DR, ANAHEIM CA 92802",GCH - Redwood Pool - Miscellaneous: Install guardrail and grab bars at pool slide platform. New embedment for umbrella.,09/16/2027,https://aca-prod.accela.com/ANAHEIM/Cap/CapHome.aspx?module=Building&TabName=Building,2026-09-27T01:07:07Z,2026-09-27T13:03:24Z
anaheim:BLD2026-04370,anaheim-accela,BLD2026-04370,,09/10/2026,Building Permit,Plan Review,"1313 S HARBOR BLVD, 2501, ANAHEIM CA 92802",DLR - West Service Area/BOH - Demolition: 105 sq ft equipment shed to be demolished with utilities to be capped and foundation to be removed.,09/10/2027,https://aca-prod.accela.com/ANAHEIM/Cap/CapHome.aspx?module=Building&TabName=Building,2026-09-27T01:07:07Z,2026-09-27T13:03:24Z
anaheim:BLD2026-04450,anaheim-accela,BLD2026-04450,,09/14/2026,Building Permit,Plan Review,"1515 S HARBOR BLVD, 749, ANAHEIM CA 92802",DCA - Avenger's Campus - Tenant Improvement: Install (6) electric heaters anchored at existing shade structure. With electrical.,09/14/2027,https://aca-prod.accela.com/ANAHEIM/Cap/CapHome.aspx?module=Building&TabName=Building,2026-09-27T01:07:07Z,2026-09-27T13:03:24Z
anaheim:BLD2026-04486,anaheim-accela,BLD2026-04486,,09/15/2026,Building Permit,Plan Review,"1313 S HARBOR BLVD, 9084, ANAHEIM CA 92802","DLR - North Service Area - Tenant Improvement: Install interim (2) compressors, (2) air dryers, (1) transformer, (2) subpanel on concrete pad. With electrical and plumbing. (BLD2026-04487)",09/15/2027,https://aca-prod.accela.com/ANAHEIM/Cap/CapHome.aspx?module=Building&TabName=Building,2026-09-27T01:07:07Z,2026-09-27T13:03:24Z
anaheim:BLD2026-04487,anaheim-accela,BLD2026-04487,,09/15/2026,Building Permit,Plan Review,"1313 S HARBOR BLVD, 9084, ANAHEIM CA 92802","DLR - North Service Area - Tenant Improvement: Remove and replace (3) existing compressors within existing plant. Replace roof mounted equipment and facade mounted piping. Restripe stalls. 3000 amp switchgear. With mechanical, electrical and plumbing. (BLD2026-04486)",09/15/2027,https://aca-prod.accela.com/ANAHEIM/Cap/CapHome.aspx?module=Building&TabName=Building,2026-09-27T01:07:07Z,2026-09-27T13:03:24Z
anaheim:BLD2026-04567,anaheim-accela,BLD2026-04567,,09/18/2026,Building Permit,Plan Review,"1313 S HARBOR BLVD, 9084, ANAHEIM CA 92802","DLR - North Service Area - Tenant Improvement: Remove exterior cooling tower system and associated structural supports, electrical and plumbing with foundation to remain.",09/18/2027,https://aca-prod.accela.com/ANAHEIM/Cap/CapHome.aspx?module=Building&TabName=Building,2026-09-27T01:07:07Z,2026-09-27T13:03:24Z
anaheim:BLD2026-04676,anaheim-accela,BLD2026-04676,,09/23/2026,Building Permit,Plan Review,"1150 W MAGIC WAY, B, ANAHEIM CA 92802","DLH - Adventure Tower - Tenant Improvement: Repair portion of existing stud wall, add concrete curb and replace heat exchanger system on roof. With electrical, mechanical and plumbing.",09/23/2027,https://aca-prod.accela.com/ANAHEIM/Cap/CapHome.aspx?module=Building&TabName=Building,2026-09-27T01:07:07Z,2026-09-27T13:03:24Z
anaheim:BLD2026-04707,anaheim-accela,BLD2026-04707,,09/24/2026,Building Permit,Plan Review,"700 W BALL RD, ANAHEIM CA 92802",DLR - North Service Area - Tenant Improvement: Install (6) prefabricated phone booth pods on first and second floor.,09/24/2027,https://aca-prod.accela.com/ANAHEIM/Cap/CapHome.aspx?module=Building&TabName=Building,2026-09-27T01:07:07Z,2026-09-27T13:03:24Z
anaheim:BLD2026-04708,anaheim-accela,BLD2026-04708,,09/25/2026,Building Permit,Plan Review,"1313 S HARBOR BLVD, 6206, ANAHEIM CA 92802",DLR - Mickey's Toontown - Mickey and Minnie's Runaway Railway - Tenant Improvement: Install electrical and anchorage to support attraction ride monitoring.,09/25/2027,https://aca-prod.accela.com/ANAHEIM/Cap/CapHome.aspx?module=Building&TabName=Building,2026-09-27T01:07:07Z,2026-09-27T13:03:24Z
anaheim:BLD2026-04712,anaheim-accela,BLD2026-04712,,09/25/2026,Building Permit,Plan Review,"1313 S HARBOR BLVD, 7101, ANAHEIM CA 92802",DLR - CONF,09/25/2027,https://aca-prod.accela.com/ANAHEIM/Cap/CapHome.aspx?module=Building&TabName=Building,2026-09-27T01:07:07Z,2026-09-27T13:03:24Z
anaheim:SGN2025-00162-REV01,anaheim-accela,SGN2025-00162-REV01,SGN2025-00162,05/14/2026,Plan Revision,Closed,"1585 S DISNEYLAND DR, ANAHEIM CA 92802",DTD - Lego Store/BLDG #EE - Installation of (4) illuminated signs attached to portal scenes. (BLD2025-02265),,https://aca-prod.accela.com/ANAHEIM/Cap/CapHome.aspx?module=Building&TabName=Building,2026-09-27T01:07:07Z,2026-09-27T13:03:24Z
anaheim:SGN2025-00162-REV02,anaheim-accela,SGN2025-00162-REV02,SGN2025-00162,07/15/2026,Plan Revision,Closed,"1585 S DISNEYLAND DR, ANAHEIM CA 92802",DTD - Lego Store/BLDG #EE - Installation of (4) illuminated signs attached to portal scenes. (BLD2025-02265),,https://aca-prod.accela.com/ANAHEIM/Cap/CapHome.aspx?module=Building&TabName=Building,2026-09-27T01:07:07Z,2026-09-27T13:03:24Z
anaheim:SGN2026-00002-REV01,anaheim-accela,SGN2026-00002-REV01,SGN2026-00002,04/02/2026,Plan Revision,Closed,"1505 S DISNEYLAND DR, ANAHEIM CA 92802",DTD - Monorail Turnstile - Install (2) digital overhead entrance/exit signs.,,https://aca-prod.accela.com/ANAHEIM/Cap/CapHome.aspx?module=Building&TabName=Building,2026-09-27T01:07:07Z,2026-09-27T13:03:24Z
anaheim:SGN2026-00044,anaheim-accela,SGN2026-00044,,03/31/2026,Sign Permit,Finaled,"1515 S HARBOR BLVD, ANAHEIM CA 92802",DCA - 760 Block / BLDG #762 - Install (1) non-illuminated wall sign and (1) externally illuminated freestanding sign. (BLD2025-01833),07/29/2027,https://aca-prod.accela.com/ANAHEIM/Cap/CapHome.aspx?module=Building&TabName=Building,2026-09-27T01:07:07Z,2026-09-27T13:03:24Z
anaheim:SGN2026-00058,anaheim-accela,SGN2026-00058,,04/09/2026,Sign Permit,Finaled,"1313 S HARBOR BLVD, 8404, ANAHEIM CA 92802",DLR - Hyperspace Mountain - Space Mountain - Install (1) marquee sign overlay. (04/17/26 thru 06/01/26),04/15/2027,https://aca-prod.accela.com/ANAHEIM/Cap/CapHome.aspx?module=Building&TabName=Building,2026-09-27T01:07:07Z,2026-09-27T13:03:24Z
anaheim:SGN2026-00069,anaheim-accela,SGN2026-00069,,05/06/2026,Sign Permit,Finaled,"1313 S HARBOR BLVD, 7611, ANAHEIM CA 92802",DLR - Fantasyland - Edelweiss Lodge - Install (1) illuminated blade sign.,05/21/2027,https://aca-prod.accela.com/ANAHEIM/Cap/CapHome.aspx?module=Building&TabName=Building,2026-09-27T01:07:07Z,2026-09-27T13:03:24Z
anaheim:SGN2026-00081,anaheim-accela,SGN2026-00081,,05/28/2026,Sign Permit,Finaled,"1570 S DISNEYLAND DR, 103, ANAHEIM CA 92802",DCA - BLDG H/#103 - Pandora - Install (2) illuminated wall signs and (1) illuminated blade sign.,07/20/2027,https://aca-prod.accela.com/ANAHEIM/Cap/CapHome.aspx?module=Building&TabName=Building,2026-09-27T01:07:07Z,2026-09-27T13:03:24Z
anaheim:SGN2026-00081-REV01,anaheim-accela,SGN2026-00081-REV01,SGN2026-00081,07/22/2026,Plan Revision,Closed,"1570 S DISNEYLAND DR, 103, ANAHEIM CA 92802",DCA - BLDG H/#103 - Pandora - Install (2) illuminated wall signs and (1) illuminated blade sign.,,https://aca-prod.accela.com/ANAHEIM/Cap/CapHome.aspx?module=Building&TabName=Building,2026-09-27T01:07:07Z,2026-09-27T13:03:24Z
anaheim:SGN2026-00091,anaheim-accela,SGN2026-00091,,06/30/2026,Sign Permit,Finaled,"777 W KATELLA AVE, 432, ANAHEIM CA 92802",DCA - Redwood Creek Trail - Villain's Grove - Install (1) non-illuminated sign attached to existing marquee structure. (7-29-26 thru 11-01-26),07/27/2027,https://aca-prod.accela.com/ANAHEIM/Cap/CapHome.aspx?module=Building&TabName=Building,2026-09-27T01:07:07Z,2026-09-27T13:03:24Z
anaheim:SGN2026-00096,anaheim-accela,SGN2026-00096,,07/08/2026,Sign Permit,Finaled,"1616 S DISNEYLAND DR, 520, ANAHEIM CA 92802","DCA - Paradise Gardens - Install (2) non-illuminated signs anchored on existing arch structure for ""Coco"" and ""Plaza de la Familia"". (Install 8-10-26)",07/21/2027,https://aca-prod.accela.com/ANAHEIM/Cap/CapHome.aspx?module=Building&TabName=Building,2026-09-27T01:07:07Z,2026-09-27T13:03:24Z
anaheim:SGN2026-00099,anaheim-accela,SGN2026-00099,,07/13/2026,Sign Permit,Finaled,"1515 S HARBOR BLVD, 120, ANAHEIM CA 92802","DCA - Turnstile/Buena Vista Bridge/Carthay Tower - Halloween '26 - Install (1) illuminated figure and (1) illuminated moon cabinet (Turnstile); (1) illuminated bat sculpture, (4) non-illuminated bat hangars and (8) non-illuminated bat cut-outs (Bridge); (2) non-illuminated bat sculptures (Tower).",07/27/2027,https://aca-prod.accela.com/ANAHEIM/Cap/CapHome.aspx?module=Building&TabName=Building,2026-09-27T01:07:07Z,2026-09-27T13:03:24Z
anaheim:SGN2026-00118,anaheim-accela,SGN2026-00118,,08/06/2026,Sign Permit,Issued,"745 W KATELLA AVE, ANAHEIM CA 92802",DCA - Cars Land - Halloween Overlay: Install (3) non-illuminated signs to existing structures. (install 08-09-26 thru 11-06-26),08/12/2027,https://aca-prod.accela.com/ANAHEIM/Cap/CapHome.aspx?module=Building&TabName=Building,2026-09-27T01:07:07Z,2026-09-27T13:03:24Z
anaheim:SGN2026-00119,anaheim-accela,SGN2026-00119,,08/20/2026,Sign Permit,Issued,"1313 S HARBOR BLVD, 9098, ANAHEIM CA 92802",DLR - Old Administration Building - Install (2) illuminated sings on existing awnings and (2) illuminated wall sign.,09/10/2027,https://aca-prod.accela.com/ANAHEIM/Cap/CapHome.aspx?module=Building&TabName=Building,2026-09-27T01:07:07Z,2026-09-27T13:03:24Z
anaheim:SGN2026-00123,anaheim-accela,SGN2026-00123,,08/27/2026,Sign Permit,Issued,"777 W KATELLA AVE, 432, ANAHEIM CA 92802",DLR - CONF,09/17/2027,https://aca-prod.accela.com/ANAHEIM/Cap/CapHome.aspx?module=Building&TabName=Building,2026-09-27T01:07:07Z,2026-09-27T13:03:24Z
anaheim:SWI2026-00043,anaheim-accela,SWI2026-00043,,06/11/2026,Pool/Spa Permit,Issued,"1717 S DISNEYLAND DR, ANAHEIM CA 92802",PPH - Pool and Spa - Alteration: Plumbing and electrical to replace pool and spa equipment.,08/18/2027,https://aca-prod.accela.com/ANAHEIM/Cap/CapHome.aspx?module=Building&TabName=Building,2026-09-27T01:07:07Z,2026-09-27T13:03:24Z
